proposed_sku,official_name,proposed_name,brand,manufacturer,category,category_reason,volume,package,taste,carbonation,sugar,alcohol_percent,source_url,image_url,local_image_path,duplicate_status,confidence,notes,decision_reason,evidence_summary,image_match,pdf_page,source_site,source_pdf
BAVARIA-BAVARIYA-SVETLOE-450-GLASS,"Пиво безалкогольное Бавария Светлое, 0,45 л, стекло","Пиво безалкогольное Бавария Светлое, 0,45 л, стекло",Бавария,ГК ПД «Бавария»,Безалкогольное пиво,PDF p.11 «Безалкогольное пиво» + штамп 0% Алк.; фасовка по пиктограммам,"0,45 л",стекло,Светлое,,,0,https://www.bavaria-group.ru/beer-product/svetloe-bezalkogolnoe,https://www.bavaria-group.ru/files/beer_items/52_1740991151.jpg,/workspace/artifacts/bavaria-import/2026-07-31T10-52-18-371Z/images/bavaria-bavariya-svetloe-0-45-l-steklo.jpg,new,high,,PDF p.11 «Безалкогольное пиво» + штамп 0% Алк.; фасовка по пиктограммам,pdf-image p.11 + site NA cards where present,exact,11,site NA card,"p.11 Безалкогольное пиво, 0% Алк., pack icons"
BAVARIA-BAVARIYA-SVETLOE-450-CAN,"Пиво безалкогольное Бавария Светлое, 0,45 л, банка","Пиво безалкогольное Бавария Светлое, 0,45 л, банка",Бавария,ГК ПД «Бавария»,Безалкогольное пиво,PDF p.11 «Безалкогольное пиво» + штамп 0% Алк.; фасовка по пиктограммам,"0,45 л",банка,Светлое,,,0,https://www.bavaria-group.ru/beer-product/svetloe-bezalkogolnoe,https://www.bavaria-group.ru/files/beer_items/52_1740991151.jpg,/workspace/artifacts/bavaria-import/2026-07-31T10-52-18-371Z/images/bavaria-bavariya-svetloe-0-45-l-steklo.jpg,new,high,,PDF p.11 «Безалкогольное пиво» + штамп 0% Алк.; фасовка по пиктограммам,pdf-image p.11 + site NA cards where present,exact,11,site NA card,"p.11 Безалкогольное пиво, 0% Алк., pack icons"
BAVARIA-BAVARIYA-ELF-450-GLASS,"Пиво безалкогольное Бавария Elf, 0,45 л, стекло","Пиво безалкогольное Бавария Elf, 0,45 л, стекло",Бавария,ГК ПД «Бавария»,Безалкогольное пиво,PDF p.11 «Безалкогольное пиво» + штамп 0% Алк.; фасовка по пиктограммам,"0,45 л",стекло,Elf,,,0,https://www.bavaria-group.ru/beer-product/elf-bezalkogolnoe,https://www.bavaria-group.ru/files/beer_items/55_1740991309.jpg,/workspace/artifacts/bavaria-import/2026-07-31T10-52-18-371Z/images/bavaria-bavariya-elf-0-45-l-steklo.jpg,new,high,,PDF p.11 «Безалкогольное пиво» + штамп 0% Алк.; фасовка по пиктограммам,pdf-image p.11 + site NA cards where present,exact,11,site NA card,"p.11 Безалкогольное пиво, 0% Алк., pack icons"
BAVARIA-BAVARIYA-ELF-450-CAN,"Пиво безалкогольное Бавария Elf, 0,45 л, банка","Пиво безалкогольное Бавария Elf, 0,45 л, банка",Бавария,ГК ПД «Бавария»,Безалкогольное пиво,PDF p.11 «Безалкогольное пиво» + штамп 0% Алк.; фасовка по пиктограммам,"0,45 л",банка,Elf,,,0,https://www.bavaria-group.ru/beer-product/elf-bezalkogolnoe,,,new,high,,PDF p.11 «Безалкогольное пиво» + штамп 0% Алк.; фасовка по пиктограммам,pdf-image p.11 + site NA cards where present,exact,11,site NA card,"p.11 Безалкогольное пиво, 0% Алк., pack icons"
BAVARIA-BAVARIYA-GALLAGHER-NA-450-GLASS,"Пиво безалкогольное Бавария Gallagher, 0,45 л, стекло","Пиво безалкогольное Бавария Gallagher, 0,45 л, стекло",Бавария,ГК ПД «Бавария»,Безалкогольное пиво,PDF p.11 «Безалкогольное пиво» + штамп 0% Алк.; фасовка по пиктограммам,"0,45 л",стекло,Gallagher,,,0,https://www.bavaria-group.ru,,,new,high,,PDF p.11 «Безалкогольное пиво» + штамп 0% Алк.; фасовка по пиктограммам,pdf-image p.11 + site NA cards where present,exact,11,,"p.11 Безалкогольное пиво, 0% Алк., pack icons"
BAVARIA-BAVARIYA-GALLAGHER-NA-450-CAN,"Пиво безалкогольное Бавария Gallagher, 0,45 л, банка","Пиво безалкогольное Бавария Gallagher, 0,45 л, банка",Бавария,ГК ПД «Бавария»,Безалкогольное пиво,PDF p.11 «Безалкогольное пиво» + штамп 0% Алк.; фасовка по пиктограммам,"0,45 л",банка,Gallagher,,,0,https://www.bavaria-group.ru,,,new,high,,PDF p.11 «Безалкогольное пиво» + штамп 0% Алк.; фасовка по пиктограммам,pdf-image p.11 + site NA cards where present,exact,11,,"p.11 Безалкогольное пиво, 0% Алк., pack icons"
BAVARIA-BAVARIYA-NORDISCH-NA-450-CAN,"Пиво безалкогольное Бавария Nordisch Bier, 0,45 л, банка","Пиво безалкогольное Бавария Nordisch Bier, 0,45 л, банка",Бавария,ГК ПД «Бавария»,Безалкогольное пиво,PDF p.11 «Безалкогольное пиво» + штамп 0% Алк.; фасовка по пиктограммам,"0,45 л",банка,Nordisch Bier,,,0,https://www.bavaria-group.ru,,,new,high,,PDF p.11 «Безалкогольное пиво» + штамп 0% Алк.; фасовка по пиктограммам,pdf-image p.11 + site NA cards where present,exact,11,,"p.11 Безалкогольное пиво, 0% Алк., pack icons"
BAVARIA-BAVARIYA-PREMIUM-GRUSHA-500-GLASS,"Напиток газированный Бавария Premium Груша, 0,5 л, стекло","Напиток газированный Бавария Premium Груша, 0,5 л, стекло",Бавария,ГК ПД «Бавария»,Газированные напитки,"PDF p.14: все 7 вкусов показаны в стекле 0,5","0,5 л",стекло,Груша,газированная,,,https://www.bavaria-group.ru/beer-product/sladkie-gazirovannye-napitki-premium,https://www.bavaria-group.ru/files/beer_items/22_1730373939.jpg,/workspace/artifacts/bavaria-import/2026-07-31T10-52-18-371Z/images/bavaria-bavariya-grusha-0-5-l-steklo.jpg,new,high,,"PDF p.14: все 7 вкусов показаны в стекле 0,5",pdf-image p.14 glass row,shared-line-image,14,"site Premium assortment стекло 0,5","p.14 glass row + GL 0,5 icon"
BAVARIA-BAVARIYA-PREMIUM-GRANAT-500-GLASS,"Напиток газированный Бавария Premium Гранат, 0,5 л, стекло","Напиток газированный Бавария Premium Гранат, 0,5 л, стекло",Бавария,ГК ПД «Бавария»,Газированные напитки,"PDF p.14: все 7 вкусов показаны в стекле 0,5","0,5 л",стекло,Гранат,газированная,,,https://www.bavaria-group.ru/beer-product/sladkie-gazirovannye-napitki-premium,https://www.bavaria-group.ru/files/beer_items/22_1730373939.jpg,/workspace/artifacts/bavaria-import/2026-07-31T10-52-18-371Z/images/bavaria-bavariya-grusha-0-5-l-steklo.jpg,new,high,,"PDF p.14: все 7 вкусов показаны в стекле 0,5",pdf-image p.14 glass row,shared-line-image,14,"site Premium assortment стекло 0,5","p.14 glass row + GL 0,5 icon"
BAVARIA-BAVARIYA-PREMIUM-APELSIN-500-GLASS,"Напиток газированный Бавария Premium Апельсин, 0,5 л, стекло","Напиток газированный Бавария Premium Апельсин, 0,5 л, стекло",Бавария,ГК ПД «Бавария»,Газированные напитки,"PDF p.14: все 7 вкусов показаны в стекле 0,5","0,5 л",стекло,Апельсин,газированная,,,https://www.bavaria-group.ru/beer-product/sladkie-gazirovannye-napitki-premium,https://www.bavaria-group.ru/files/beer_items/22_1730373939.jpg,/workspace/artifacts/bavaria-import/2026-07-31T10-52-18-371Z/images/bavaria-bavariya-grusha-0-5-l-steklo.jpg,new,high,,"PDF p.14: все 7 вкусов показаны в стекле 0,5",pdf-image p.14 glass row,shared-line-image,14,"site Premium assortment стекло 0,5","p.14 glass row + GL 0,5 icon"
BAVARIA-BAVARIYA-PREMIUM-TARHUN-500-GLASS,"Напиток газированный Бавария Premium Тархун, 0,5 л, стекло","Напиток газированный Бавария Premium Тархун, 0,5 л, стекло",Бавария,ГК ПД «Бавария»,Газированные напитки,"PDF p.14: все 7 вкусов показаны в стекле 0,5","0,5 л",стекло,Тархун,газированная,,,https://www.bavaria-group.ru/beer-product/sladkie-gazirovannye-napitki-premium,https://www.bavaria-group.ru/files/beer_items/22_1730373939.jpg,/workspace/artifacts/bavaria-import/2026-07-31T10-52-18-371Z/images/bavaria-bavariya-grusha-0-5-l-steklo.jpg,new,high,,"PDF p.14: все 7 вкусов показаны в стекле 0,5",pdf-image p.14 glass row,shared-line-image,14,"site Premium assortment стекло 0,5","p.14 glass row + GL 0,5 icon"
BAVARIA-BAVARIYA-PREMIUM-FEYHOA-500-GLASS,"Напиток газированный Бавария Premium Фейхоа, 0,5 л, стекло","Напиток газированный Бавария Premium Фейхоа, 0,5 л, стекло",Бавария,ГК ПД «Бавария»,Газированные напитки,"PDF p.14: все 7 вкусов показаны в стекле 0,5","0,5 л",стекло,Фейхоа,газированная,,,https://www.bavaria-group.ru/beer-product/sladkie-gazirovannye-napitki-premium,https://www.bavaria-group.ru/files/beer_items/22_1730373939.jpg,/workspace/artifacts/bavaria-import/2026-07-31T10-52-18-371Z/images/bavaria-bavariya-grusha-0-5-l-steklo.jpg,new,high,,"PDF p.14: все 7 вкусов показаны в стекле 0,5",pdf-image p.14 glass row,shared-line-image,14,"site Premium assortment стекло 0,5","p.14 glass row + GL 0,5 icon"
BAVARIA-BAVARIYA-PREMIUM-VISHNYA-500-GLASS,"Напиток газированный Бавария Premium Вишня, 0,5 л, стекло","Напиток газированный Бавария Premium Вишня, 0,5 л, стекло",Бавария,ГК ПД «Бавария»,Газированные напитки,"PDF p.14: все 7 вкусов показаны в стекле 0,5","0,5 л",стекло,Вишня,газированная,,,https://www.bavaria-group.ru/beer-product/sladkie-gazirovannye-napitki-premium,,,new,high,,"PDF p.14: все 7 вкусов показаны в стекле 0,5",pdf-image p.14 glass row,shared-line-image,14,"site Premium assortment стекло 0,5","p.14 glass row + GL 0,5 icon"
BAVARIA-BAVARIYA-PREMIUM-VINOGRAD-500-GLASS,"Напиток газированный Бавария Premium Виноград, 0,5 л, стекло","Напиток газированный Бавария Premium Виноград, 0,5 л, стекло",Бавария,ГК ПД «Бавария»,Газированные напитки,"PDF p.14: все 7 вкусов показаны в стекле 0,5","0,5 л",стекло,Виноград,газированная,,,https://www.bavaria-group.ru/beer-product/sladkie-gazirovannye-napitki-premium,,,new,high,,"PDF p.14: все 7 вкусов показаны в стекле 0,5",pdf-image p.14 glass row,shared-line-image,14,"site Premium assortment стекло 0,5","p.14 glass row + GL 0,5 icon"
BAVARIA-BAVARIYA-PREMIUM-GRUSHA-1200-PET,"Напиток газированный Бавария Premium Груша, 1,2 л, ПЭТ","Напиток газированный Бавария Premium Груша, 1,2 л, ПЭТ",Бавария,ГК ПД «Бавария»,Газированные напитки,"PDF p.14: вкус показан в ПЭТ 1,2","1,2 л",ПЭТ,Груша,газированная,,,https://www.bavaria-group.ru/beer-product/sladkie-gazirovannye-napitki-premium,https://www.bavaria-group.ru/files/beer_items/126_1772458839.png,/workspace/artifacts/bavaria-import/2026-07-31T10-52-18-371Z/images/bavaria-bavariya-grusha-1-2-l-pet.png,new,high,,"PDF p.14: вкус показан в ПЭТ 1,2",pdf-image p.14 PET row,shared-line-image,14,"site Premium assortment ПЭТ 1,2","p.14 PET row + PET 1,2 icon"
BAVARIA-BAVARIYA-PREMIUM-TARHUN-1200-PET,"Напиток газированный Бавария Premium Тархун, 1,2 л, ПЭТ","Напиток газированный Бавария Premium Тархун, 1,2 л, ПЭТ",Бавария,ГК ПД «Бавария»,Газированные напитки,"PDF p.14: вкус показан в ПЭТ 1,2","1,2 л",ПЭТ,Тархун,газированная,,,https://www.bavaria-group.ru/beer-product/sladkie-gazirovannye-napitki-premium,https://www.bavaria-group.ru/files/beer_items/126_1772458839.png,/workspace/artifacts/bavaria-import/2026-07-31T10-52-18-371Z/images/bavaria-bavariya-grusha-1-2-l-pet.png,new,high,,"PDF p.14: вкус показан в ПЭТ 1,2",pdf-image p.14 PET row,shared-line-image,14,"site Premium assortment ПЭТ 1,2","p.14 PET row + PET 1,2 icon"
BAVARIA-BAVARIYA-PREMIUM-GRANAT-1200-PET,"Напиток газированный Бавария Premium Гранат, 1,2 л, ПЭТ","Напиток газированный Бавария Premium Гранат, 1,2 л, ПЭТ",Бавария,ГК ПД «Бавария»,Газированные напитки,"PDF p.14: вкус показан в ПЭТ 1,2","1,2 л",ПЭТ,Гранат,газированная,,,https://www.bavaria-group.ru/beer-product/sladkie-gazirovannye-napitki-premium,https://www.bavaria-group.ru/files/beer_items/126_1772458839.png,/workspace/artifacts/bavaria-import/2026-07-31T10-52-18-371Z/images/bavaria-bavariya-grusha-1-2-l-pet.png,new,high,,"PDF p.14: вкус показан в ПЭТ 1,2",pdf-image p.14 PET row,shared-line-image,14,"site Premium assortment ПЭТ 1,2","p.14 PET row + PET 1,2 icon"
BAVARIA-BAVARIYA-PREMIUM-FEYHOA-1200-PET,"Напиток газированный Бавария Premium Фейхоа, 1,2 л, ПЭТ","Напиток газированный Бавария Premium Фейхоа, 1,2 л, ПЭТ",Бавария,ГК ПД «Бавария»,Газированные напитки,"PDF p.14: вкус показан в ПЭТ 1,2","1,2 л",ПЭТ,Фейхоа,газированная,,,https://www.bavaria-group.ru/beer-product/sladkie-gazirovannye-napitki-premium,https://www.bavaria-group.ru/files/beer_items/126_1772458839.png,/workspace/artifacts/bavaria-import/2026-07-31T10-52-18-371Z/images/bavaria-bavariya-grusha-1-2-l-pet.png,new,high,,"PDF p.14: вкус показан в ПЭТ 1,2",pdf-image p.14 PET row,shared-line-image,14,"site Premium assortment ПЭТ 1,2","p.14 PET row + PET 1,2 icon"
BAVARIA-BAVARIYA-PREMIUM-VISHNYA-1200-PET,"Напиток газированный Бавария Premium Вишня, 1,2 л, ПЭТ","Напиток газированный Бавария Premium Вишня, 1,2 л, ПЭТ",Бавария,ГК ПД «Бавария»,Газированные напитки,"PDF p.14: вкус показан в ПЭТ 1,2","1,2 л",ПЭТ,Вишня,газированная,,,https://www.bavaria-group.ru/beer-product/sladkie-gazirovannye-napitki-premium,,,new,high,,"PDF p.14: вкус показан в ПЭТ 1,2",pdf-image p.14 PET row,shared-line-image,14,"site Premium assortment ПЭТ 1,2","p.14 PET row + PET 1,2 icon"
BAVARIA-BAVARIYA-PREMIUM-VINOGRAD-1200-PET,"Напиток газированный Бавария Premium Виноград, 1,2 л, ПЭТ","Напиток газированный Бавария Premium Виноград, 1,2 л, ПЭТ",Бавария,ГК ПД «Бавария»,Газированные напитки,"PDF p.14: вкус показан в ПЭТ 1,2","1,2 л",ПЭТ,Виноград,газированная,,,https://www.bavaria-group.ru/beer-product/sladkie-gazirovannye-napitki-premium,,,new,high,,"PDF p.14: вкус показан в ПЭТ 1,2",pdf-image p.14 PET row,shared-line-image,14,"site Premium assortment ПЭТ 1,2","p.14 PET row + PET 1,2 icon"
BAVARIA-BAVARIYA-MOHITO-450-GLASS,"Напиток газированный Бавария Мохито, 0,45 л, стекло","Напиток газированный Бавария Мохито, 0,45 л, стекло",Бавария,ГК ПД «Бавария»,Газированные напитки,PDF p.15 визуально подтверждённая комбинация вкус×тара,"0,45 л",стекло,Мохито,газированная,,,https://www.bavaria-group.ru/beer-product/sladkie-gazirovannye-napitki,,,new,high,,PDF p.15 визуально подтверждённая комбинация вкус×тара,pdf-image p.15 + site assortment where overlapping,shared-line-image,15,site regular soda assortment text,p.15 product photos + GL/PET icons
BAVARIA-BAVARIYA-PITAHAYYA-450-GLASS,"Напиток газированный Бавария Питахайя, 0,45 л, стекло","Напиток газированный Бавария Питахайя, 0,45 л, стекло",Бавария,ГК ПД «Бавария»,Газированные напитки,PDF p.15 визуально подтверждённая комбинация вкус×тара,"0,45 л",стекло,Питахайя,газированная,,,https://www.bavaria-group.ru/beer-product/sladkie-gazirovannye-napitki,,,new,high,,PDF p.15 визуально подтверждённая комбинация вкус×тара,pdf-image p.15 + site assortment where overlapping,shared-line-image,15,site regular soda assortment text,p.15 product photos + GL/PET icons
BAVARIA-BAVARIYA-TARHUN-450-GLASS,"Напиток газированный Бавария Тархун, 0,45 л, стекло","Напиток газированный Бавария Тархун, 0,45 л, стекло",Бавария,ГК ПД «Бавария»,Газированные напитки,PDF p.15 визуально подтверждённая комбинация вкус×тара,"0,45 л",стекло,Тархун,газированная,,,https://www.bavaria-group.ru/beer-product/sladkie-gazirovannye-napitki,,,new,high,,PDF p.15 визуально подтверждённая комбинация вкус×тара,pdf-image p.15 + site assortment where overlapping,shared-line-image,15,site regular soda assortment text,p.15 product photos + GL/PET icons
BAVARIA-BAVARIYA-GRUSHA-450-GLASS,"Напиток газированный Бавария Груша, 0,45 л, стекло","Напиток газированный Бавария Груша, 0,45 л, стекло",Бавария,ГК ПД «Бавария»,Газированные напитки,PDF p.15 визуально подтверждённая комбинация вкус×тара,"0,45 л",стекло,Груша,газированная,,,https://www.bavaria-group.ru/beer-product/sladkie-gazirovannye-napitki,,,new,high,,PDF p.15 визуально подтверждённая комбинация вкус×тара,pdf-image p.15 + site assortment where overlapping,shared-line-image,15,site regular soda assortment text,p.15 product photos + GL/PET icons
BAVARIA-BAVARIYA-TARHUN-500-PET,"Напиток газированный Бавария Тархун, 0,5 л, ПЭТ","Напиток газированный Бавария Тархун, 0,5 л, ПЭТ",Бавария,ГК ПД «Бавария»,Газированные напитки,PDF p.15 визуально подтверждённая комбинация вкус×тара,"0,5 л",ПЭТ,Тархун,газированная,,,https://www.bavaria-group.ru/beer-product/sladkie-gazirovannye-napitki,https://www.bavaria-group.ru/files/beer_items/97_1730364236.jpg,/workspace/artifacts/bavaria-import/2026-07-31T10-52-18-371Z/images/bavaria-bavariya-grusha-0-5-l-pet.jpg,new,high,,PDF p.15 визуально подтверждённая комбинация вкус×тара,pdf-image p.15 + site assortment where overlapping,shared-line-image,15,site regular soda assortment text,p.15 product photos + GL/PET icons
BAVARIA-BAVARIYA-GRUSHA-500-PET,"Напиток газированный Бавария Груша, 0,5 л, ПЭТ","Напиток газированный Бавария Груша, 0,5 л, ПЭТ",Бавария,ГК ПД «Бавария»,Газированные напитки,PDF p.15 визуально подтверждённая комбинация вкус×тара,"0,5 л",ПЭТ,Груша,газированная,,,https://www.bavaria-group.ru/beer-product/sladkie-gazirovannye-napitki,https://www.bavaria-group.ru/files/beer_items/97_1730364236.jpg,/workspace/artifacts/bavaria-import/2026-07-31T10-52-18-371Z/images/bavaria-bavariya-grusha-0-5-l-pet.jpg,new,high,,PDF p.15 визуально подтверждённая комбинация вкус×тара,pdf-image p.15 + site assortment where overlapping,shared-line-image,15,site regular soda assortment text,p.15 product photos + GL/PET icons
BAVARIA-BAVARIYA-KOLA-500-PET,"Напиток газированный Бавария Кола, 0,5 л, ПЭТ","Напиток газированный Бавария Кола, 0,5 л, ПЭТ",Бавария,ГК ПД «Бавария»,Газированные напитки,PDF p.15 визуально подтверждённая комбинация вкус×тара,"0,5 л",ПЭТ,Кола,газированная,,,https://www.bavaria-group.ru/beer-product/sladkie-gazirovannye-napitki,,,new,high,,PDF p.15 визуально подтверждённая комбинация вкус×тара,pdf-image p.15 + site assortment where overlapping,shared-line-image,15,site regular soda assortment text,p.15 product photos + GL/PET icons
BAVARIA-BAVARIYA-APELSIN-1500-PET,"Напиток газированный Бавария Апельсин, 1,5 л, ПЭТ","Напиток газированный Бавария Апельсин, 1,5 л, ПЭТ",Бавария,ГК ПД «Бавария»,Газированные напитки,PDF p.15 визуально подтверждённая комбинация вкус×тара,"1,5 л",ПЭТ,Апельсин,газированная,,,https://www.bavaria-group.ru/beer-product/sladkie-gazirovannye-napitki,https://www.bavaria-group.ru/files/beer_items/95_1730364037.jpg,/workspace/artifacts/bavaria-import/2026-07-31T10-52-18-371Z/images/bavaria-bavariya-grusha-1-5-l-pet.jpg,new,high,,PDF p.15 визуально подтверждённая комбинация вкус×тара,pdf-image p.15 + site assortment where overlapping,shared-line-image,15,site regular soda assortment text,p.15 product photos + GL/PET icons
BAVARIA-BAVARIYA-TARHUN-1500-PET,"Напиток газированный Бавария Тархун, 1,5 л, ПЭТ","Напиток газированный Бавария Тархун, 1,5 л, ПЭТ",Бавария,ГК ПД «Бавария»,Газированные напитки,PDF p.15 визуально подтверждённая комбинация вкус×тара,"1,5 л",ПЭТ,Тархун,газированная,,,https://www.bavaria-group.ru/beer-product/sladkie-gazirovannye-napitki,https://www.bavaria-group.ru/files/beer_items/95_1730364037.jpg,/workspace/artifacts/bavaria-import/2026-07-31T10-52-18-371Z/images/bavaria-bavariya-grusha-1-5-l-pet.jpg,new,high,,PDF p.15 визуально подтверждённая комбинация вкус×тара,pdf-image p.15 + site assortment where overlapping,shared-line-image,15,site regular soda assortment text,p.15 product photos + GL/PET icons
BAVARIA-BAVARIYA-GRUSHA-1500-PET,"Напиток газированный Бавария Груша, 1,5 л, ПЭТ","Напиток газированный Бавария Груша, 1,5 л, ПЭТ",Бавария,ГК ПД «Бавария»,Газированные напитки,PDF p.15 визуально подтверждённая комбинация вкус×тара,"1,5 л",ПЭТ,Груша,газированная,,,https://www.bavaria-group.ru/beer-product/sladkie-gazirovannye-napitki,https://www.bavaria-group.ru/files/beer_items/95_1730364037.jpg,/workspace/artifacts/bavaria-import/2026-07-31T10-52-18-371Z/images/bavaria-bavariya-grusha-1-5-l-pet.jpg,new,high,,PDF p.15 визуально подтверждённая комбинация вкус×тара,pdf-image p.15 + site assortment where overlapping,shared-line-image,15,site regular soda assortment text,p.15 product photos + GL/PET icons
BAVARIA-BAVARIYA-PITAHAYYA-1500-PET,"Напиток газированный Бавария Питахайя, 1,5 л, ПЭТ","Напиток газированный Бавария Питахайя, 1,5 л, ПЭТ",Бавария,ГК ПД «Бавария»,Газированные напитки,PDF p.15 визуально подтверждённая комбинация вкус×тара,"1,5 л",ПЭТ,Питахайя,газированная,,,https://www.bavaria-group.ru/beer-product/sladkie-gazirovannye-napitki,https://www.bavaria-group.ru/files/beer_items/95_1730364037.jpg,/workspace/artifacts/bavaria-import/2026-07-31T10-52-18-371Z/images/bavaria-bavariya-grusha-1-5-l-pet.jpg,new,high,,PDF p.15 визуально подтверждённая комбинация вкус×тара,pdf-image p.15 + site assortment where overlapping,shared-line-image,15,site regular soda assortment text,p.15 product photos + GL/PET icons
BAVARIA-BAVARIYA-KOLA-1500-PET,"Напиток газированный Бавария Кола, 1,5 л, ПЭТ","Напиток газированный Бавария Кола, 1,5 л, ПЭТ",Бавария,ГК ПД «Бавария»,Газированные напитки,PDF p.15 визуально подтверждённая комбинация вкус×тара,"1,5 л",ПЭТ,Кола,газированная,,,https://www.bavaria-group.ru/beer-product/sladkie-gazirovannye-napitki,,,new,high,,PDF p.15 визуально подтверждённая комбинация вкус×тара,pdf-image p.15 + site assortment where overlapping,shared-line-image,15,site regular soda assortment text,p.15 product photos + GL/PET icons
BAVARIA-BAVARIYA-MOHITO-1500-PET,"Напиток газированный Бавария Мохито, 1,5 л, ПЭТ","Напиток газированный Бавария Мохито, 1,5 л, ПЭТ",Бавария,ГК ПД «Бавария»,Газированные напитки,PDF p.15 визуально подтверждённая комбинация вкус×тара,"1,5 л",ПЭТ,Мохито,газированная,,,https://www.bavaria-group.ru/beer-product/sladkie-gazirovannye-napitki,https://www.bavaria-group.ru/files/beer_items/95_1730364037.jpg,/workspace/artifacts/bavaria-import/2026-07-31T10-52-18-371Z/images/bavaria-bavariya-grusha-1-5-l-pet.jpg,new,high,,PDF p.15 визуально подтверждённая комбинация вкус×тара,pdf-image p.15 + site assortment where overlapping,shared-line-image,15,site regular soda assortment text,p.15 product photos + GL/PET icons
BAVARIA-BAVARIYA-YABLOKO-1500-PET,"Напиток газированный Бавария Яблоко, 1,5 л, ПЭТ","Напиток газированный Бавария Яблоко, 1,5 л, ПЭТ",Бавария,ГК ПД «Бавария»,Газированные напитки,PDF p.15 визуально подтверждённая комбинация вкус×тара,"1,5 л",ПЭТ,Яблоко,газированная,,,https://www.bavaria-group.ru/beer-product/sladkie-gazirovannye-napitki,,,new,high,,PDF p.15 визуально подтверждённая комбинация вкус×тара,pdf-image p.15 + site assortment where overlapping,shared-line-image,15,site regular soda assortment text,p.15 product photos + GL/PET icons
BAVARIA-LIMNADA-ANANAS-1500-PET,"Напиток газированный Лимнада Ананас, 1,5 л, ПЭТ","Напиток газированный Лимнада Ананас, 1,5 л, ПЭТ",Лимнада,ГК ПД «Бавария»,Газированные напитки,"Сайт: ассортимент ПЭТ 1,5; бренд «Лимнада» сохранён","1,5 л",ПЭТ,Ананас,газированная,,,https://www.bavaria-group.ru/beer-product/silnogazirovannyj-napitok-limnada,https://www.bavaria-group.ru/files/beer_items/58_1718608488.jpg,/workspace/artifacts/bavaria-import/2026-07-31T10-52-18-371Z/images/bavaria-limnada-ananas-1-5-l-pet.jpg,new,high,,"Сайт: ассортимент ПЭТ 1,5; бренд «Лимнада» сохранён",site card + PDF brand continuity,shared-line-image,,site Limnada 1.5 assortment,
BAVARIA-LIMNADA-KREM-SODA-1500-PET,"Напиток газированный Лимнада Крем-Сода, 1,5 л, ПЭТ","Напиток газированный Лимнада Крем-Сода, 1,5 л, ПЭТ",Лимнада,ГК ПД «Бавария»,Газированные напитки,"Сайт: ассортимент ПЭТ 1,5; бренд «Лимнада» сохранён","1,5 л",ПЭТ,Крем-Сода,газированная,,,https://www.bavaria-group.ru/beer-product/silnogazirovannyj-napitok-limnada,https://www.bavaria-group.ru/files/beer_items/58_1718608488.jpg,/workspace/artifacts/bavaria-import/2026-07-31T10-52-18-371Z/images/bavaria-limnada-ananas-1-5-l-pet.jpg,new,high,,"Сайт: ассортимент ПЭТ 1,5; бренд «Лимнада» сохранён",site card + PDF brand continuity,shared-line-image,,site Limnada 1.5 assortment,
BAVARIA-LIMNADA-DYUSHES-1500-PET,"Напиток газированный Лимнада Дюшес, 1,5 л, ПЭТ","Напиток газированный Лимнада Дюшес, 1,5 л, ПЭТ",Лимнада,ГК ПД «Бавария»,Газированные напитки,"Сайт: ассортимент ПЭТ 1,5; бренд «Лимнада» сохранён","1,5 л",ПЭТ,Дюшес,газированная,,,https://www.bavaria-group.ru/beer-product/silnogazirovannyj-napitok-limnada,https://www.bavaria-group.ru/files/beer_items/58_1718608488.jpg,/workspace/artifacts/bavaria-import/2026-07-31T10-52-18-371Z/images/bavaria-limnada-ananas-1-5-l-pet.jpg,new,high,,"Сайт: ассортимент ПЭТ 1,5; бренд «Лимнада» сохранён",site card + PDF brand continuity,shared-line-image,,site Limnada 1.5 assortment,
BAVARIA-LIMNADA-BARBARIS-1500-PET,"Напиток газированный Лимнада Барбарис, 1,5 л, ПЭТ","Напиток газированный Лимнада Барбарис, 1,5 л, ПЭТ",Лимнада,ГК ПД «Бавария»,Газированные напитки,"Сайт: ассортимент ПЭТ 1,5; бренд «Лимнада» сохранён","1,5 л",ПЭТ,Барбарис,газированная,,,https://www.bavaria-group.ru/beer-product/silnogazirovannyj-napitok-limnada,,,new,high,,"Сайт: ассортимент ПЭТ 1,5; бренд «Лимнада» сохранён",site card + PDF brand continuity,shared-line-image,,site Limnada 1.5 assortment,
BAVARIA-LIMNADA-KREM-SODA-500-PET,"Напиток газированный Лимнада Крем-Сода, 0,5 л, ПЭТ","Напиток газированный Лимнада Крем-Сода, 0,5 л, ПЭТ",Лимнада,ГК ПД «Бавария»,Газированные напитки,"Сайт: ПЭТ 0,5 без Ананас","0,5 л",ПЭТ,Крем-Сода,газированная,,,https://www.bavaria-group.ru/beer-product/silnogazirovannyj-napitok-limnada,https://www.bavaria-group.ru/files/beer_items/68_1718376439.jpg,/workspace/artifacts/bavaria-import/2026-07-31T10-52-18-371Z/images/bavaria-limnada-krem-soda-0-5-l-pet.jpg,new,high,,"Сайт: ПЭТ 0,5 без Ананас",site card,shared-line-image,,site Limnada 0.5 assortment,
BAVARIA-LIMNADA-DYUSHES-500-PET,"Напиток газированный Лимнада Дюшес, 0,5 л, ПЭТ","Напиток газированный Лимнада Дюшес, 0,5 л, ПЭТ",Лимнада,ГК ПД «Бавария»,Газированные напитки,"Сайт: ПЭТ 0,5 без Ананас","0,5 л",ПЭТ,Дюшес,газированная,,,https://www.bavaria-group.ru/beer-product/silnogazirovannyj-napitok-limnada,https://www.bavaria-group.ru/files/beer_items/68_1718376439.jpg,/workspace/artifacts/bavaria-import/2026-07-31T10-52-18-371Z/images/bavaria-limnada-krem-soda-0-5-l-pet.jpg,new,high,,"Сайт: ПЭТ 0,5 без Ананас",site card,shared-line-image,,site Limnada 0.5 assortment,
BAVARIA-LIMNADA-BARBARIS-500-PET,"Напиток газированный Лимнада Барбарис, 0,5 л, ПЭТ","Напиток газированный Лимнада Барбарис, 0,5 л, ПЭТ",Лимнада,ГК ПД «Бавария»,Газированные напитки,"Сайт: ПЭТ 0,5 без Ананас","0,5 л",ПЭТ,Барбарис,газированная,,,https://www.bavaria-group.ru/beer-product/silnogazirovannyj-napitok-limnada,,,new,high,,"Сайт: ПЭТ 0,5 без Ананас",site card,shared-line-image,,site Limnada 0.5 assortment,
BAVARIA-DREAMIX-KOLA-TSITRUS-330-CAN,"Напиток газированный Dreamix Кола-Цитрус, 0,33 л, банка","Напиток газированный Dreamix Кола-Цитрус, 0,33 л, банка",Dreamix,ГК ПД «Бавария»,Газированные напитки,"PDF p.20: подписанные вкусы + CAN 0,33 / PET 0,5 / PET 1,5","0,33 л",банка,Кола-Цитрус,газированная,,0,https://www.bavaria-group.ru/beer-product/bezalkogolnyj-silnogazirovannyj-napitok-dreamix,,,new,high,,"PDF p.20: подписанные вкусы + CAN 0,33 / PET 0,5 / PET 1,5",pdf-image p.20,exact,20,site Dreamix soda packs without flavor titles,p.20 named flavors + pack icons
BAVARIA-DREAMIX-KOLA-TSITRUS-500-PET,"Напиток газированный Dreamix Кола-Цитрус, 0,5 л, ПЭТ","Напиток газированный Dreamix Кола-Цитрус, 0,5 л, ПЭТ",Dreamix,ГК ПД «Бавария»,Газированные напитки,"PDF p.20: подписанные вкусы + CAN 0,33 / PET 0,5 / PET 1,5","0,5 л",ПЭТ,Кола-Цитрус,газированная,,0,https://www.bavaria-group.ru/beer-product/bezalkogolnyj-silnogazirovannyj-napitok-dreamix,,,new,high,,"PDF p.20: подписанные вкусы + CAN 0,33 / PET 0,5 / PET 1,5",pdf-image p.20,exact,20,site Dreamix soda packs without flavor titles,p.20 named flavors + pack icons
BAVARIA-DREAMIX-KOLA-TSITRUS-1500-PET,"Напиток газированный Dreamix Кола-Цитрус, 1,5 л, ПЭТ","Напиток газированный Dreamix Кола-Цитрус, 1,5 л, ПЭТ",Dreamix,ГК ПД «Бавария»,Газированные напитки,"PDF p.20: подписанные вкусы + CAN 0,33 / PET 0,5 / PET 1,5","1,5 л",ПЭТ,Кола-Цитрус,газированная,,0,https://www.bavaria-group.ru/beer-product/bezalkogolnyj-silnogazirovannyj-napitok-dreamix,,,new,high,,"PDF p.20: подписанные вкусы + CAN 0,33 / PET 0,5 / PET 1,5",pdf-image p.20,exact,20,site Dreamix soda packs without flavor titles,p.20 named flavors + pack icons
BAVARIA-DREAMIX-TAYGA-330-CAN,"Напиток газированный Dreamix Тайга, 0,33 л, банка","Напиток газированный Dreamix Тайга, 0,33 л, банка",Dreamix,ГК ПД «Бавария»,Газированные напитки,"PDF p.20: подписанные вкусы + CAN 0,33 / PET 0,5 / PET 1,5","0,33 л",банка,Тайга,газированная,,0,https://www.bavaria-group.ru/beer-product/bezalkogolnyj-silnogazirovannyj-napitok-dreamix,,,new,high,,"PDF p.20: подписанные вкусы + CAN 0,33 / PET 0,5 / PET 1,5",pdf-image p.20,exact,20,site Dreamix soda packs without flavor titles,p.20 named flavors + pack icons
BAVARIA-DREAMIX-TAYGA-500-PET,"Напиток газированный Dreamix Тайга, 0,5 л, ПЭТ","Напиток газированный Dreamix Тайга, 0,5 л, ПЭТ",Dreamix,ГК ПД «Бавария»,Газированные напитки,"PDF p.20: подписанные вкусы + CAN 0,33 / PET 0,5 / PET 1,5","0,5 л",ПЭТ,Тайга,газированная,,0,https://www.bavaria-group.ru/beer-product/bezalkogolnyj-silnogazirovannyj-napitok-dreamix,,,new,high,,"PDF p.20: подписанные вкусы + CAN 0,33 / PET 0,5 / PET 1,5",pdf-image p.20,exact,20,site Dreamix soda packs without flavor titles,p.20 named flavors + pack icons
BAVARIA-DREAMIX-TAYGA-1500-PET,"Напиток газированный Dreamix Тайга, 1,5 л, ПЭТ","Напиток газированный Dreamix Тайга, 1,5 л, ПЭТ",Dreamix,ГК ПД «Бавария»,Газированные напитки,"PDF p.20: подписанные вкусы + CAN 0,33 / PET 0,5 / PET 1,5","1,5 л",ПЭТ,Тайга,газированная,,0,https://www.bavaria-group.ru/beer-product/bezalkogolnyj-silnogazirovannyj-napitok-dreamix,,,new,high,,"PDF p.20: подписанные вкусы + CAN 0,33 / PET 0,5 / PET 1,5",pdf-image p.20,exact,20,site Dreamix soda packs without flavor titles,p.20 named flavors + pack icons
BAVARIA-DREAMIX-MOHITO-330-CAN,"Напиток газированный Dreamix Мохито, 0,33 л, банка","Напиток газированный Dreamix Мохито, 0,33 л, банка",Dreamix,ГК ПД «Бавария»,Газированные напитки,"PDF p.20: подписанные вкусы + CAN 0,33 / PET 0,5 / PET 1,5","0,33 л",банка,Мохито,газированная,,0,https://www.bavaria-group.ru/beer-product/bezalkogolnyj-silnogazirovannyj-napitok-dreamix,,,new,high,,"PDF p.20: подписанные вкусы + CAN 0,33 / PET 0,5 / PET 1,5",pdf-image p.20,exact,20,site Dreamix soda packs without flavor titles,p.20 named flavors + pack icons
BAVARIA-DREAMIX-MOHITO-500-PET,"Напиток газированный Dreamix Мохито, 0,5 л, ПЭТ","Напиток газированный Dreamix Мохито, 0,5 л, ПЭТ",Dreamix,ГК ПД «Бавария»,Газированные напитки,"PDF p.20: подписанные вкусы + CAN 0,33 / PET 0,5 / PET 1,5","0,5 л",ПЭТ,Мохито,газированная,,0,https://www.bavaria-group.ru/beer-product/bezalkogolnyj-silnogazirovannyj-napitok-dreamix,,,new,high,,"PDF p.20: подписанные вкусы + CAN 0,33 / PET 0,5 / PET 1,5",pdf-image p.20,exact,20,site Dreamix soda packs without flavor titles,p.20 named flavors + pack icons
BAVARIA-DREAMIX-MOHITO-1500-PET,"Напиток газированный Dreamix Мохито, 1,5 л, ПЭТ","Напиток газированный Dreamix Мохито, 1,5 л, ПЭТ",Dreamix,ГК ПД «Бавария»,Газированные напитки,"PDF p.20: подписанные вкусы + CAN 0,33 / PET 0,5 / PET 1,5","1,5 л",ПЭТ,Мохито,газированная,,0,https://www.bavaria-group.ru/beer-product/bezalkogolnyj-silnogazirovannyj-napitok-dreamix,,,new,high,,"PDF p.20: подписанные вкусы + CAN 0,33 / PET 0,5 / PET 1,5",pdf-image p.20,exact,20,site Dreamix soda packs without flavor titles,p.20 named flavors + pack icons
BAVARIA-DREAMIX-KLYUKVA-APELSIN-330-CAN,"Напиток газированный Dreamix Клюква-Апельсин, 0,33 л, банка","Напиток газированный Dreamix Клюква-Апельсин, 0,33 л, банка",Dreamix,ГК ПД «Бавария»,Газированные напитки,"PDF p.20: подписанные вкусы + CAN 0,33 / PET 0,5 / PET 1,5","0,33 л",банка,Клюква-Апельсин,газированная,,0,https://www.bavaria-group.ru/beer-product/bezalkogolnyj-silnogazirovannyj-napitok-dreamix,,,new,high,,"PDF p.20: подписанные вкусы + CAN 0,33 / PET 0,5 / PET 1,5",pdf-image p.20,exact,20,site Dreamix soda packs without flavor titles,p.20 named flavors + pack icons
BAVARIA-DREAMIX-KLYUKVA-APELSIN-500-PET,"Напиток газированный Dreamix Клюква-Апельсин, 0,5 л, ПЭТ","Напиток газированный Dreamix Клюква-Апельсин, 0,5 л, ПЭТ",Dreamix,ГК ПД «Бавария»,Газированные напитки,"PDF p.20: подписанные вкусы + CAN 0,33 / PET 0,5 / PET 1,5","0,5 л",ПЭТ,Клюква-Апельсин,газированная,,0,https://www.bavaria-group.ru/beer-product/bezalkogolnyj-silnogazirovannyj-napitok-dreamix,,,new,high,,"PDF p.20: подписанные вкусы + CAN 0,33 / PET 0,5 / PET 1,5",pdf-image p.20,exact,20,site Dreamix soda packs without flavor titles,p.20 named flavors + pack icons
BAVARIA-DREAMIX-KLYUKVA-APELSIN-1500-PET,"Напиток газированный Dreamix Клюква-Апельсин, 1,5 л, ПЭТ","Напиток газированный Dreamix Клюква-Апельсин, 1,5 л, ПЭТ",Dreamix,ГК ПД «Бавария»,Газированные напитки,"PDF p.20: подписанные вкусы + CAN 0,33 / PET 0,5 / PET 1,5","1,5 л",ПЭТ,Клюква-Апельсин,газированная,,0,https://www.bavaria-group.ru/beer-product/bezalkogolnyj-silnogazirovannyj-napitok-dreamix,,,new,high,,"PDF p.20: подписанные вкусы + CAN 0,33 / PET 0,5 / PET 1,5",pdf-image p.20,exact,20,site Dreamix soda packs without flavor titles,p.20 named flavors + pack icons
BAVARIA-DREAMIX-BITTER-LEMON-1000-PET,"Тоник Dreamix Bitter Lemon, 1 л, ПЭТ","Тоник Dreamix Bitter Lemon, 1 л, ПЭТ",Dreamix,ГК ПД «Бавария»,Тоники,"PDF p.21: PET 1л / стекло 0,33 / банка 0,33",1 л,ПЭТ,Bitter Lemon,газированная,,0,https://www.bavaria-group.ru/beer-product/dreamix,https://www.bavaria-group.ru/files/beer_items/128_1775214996.png,/workspace/artifacts/bavaria-import/2026-07-31T10-52-18-371Z/images/bavaria-dreamix-bitter-lemon-1-l-pet.png,new,high,,"PDF p.21: PET 1л / стекло 0,33 / банка 0,33",pdf-image p.21,exact,21,"site Dreamix Toniс PET 1л + стекло 0,33",p.21 PET/GL/CAN icons + product photos
BAVARIA-DREAMIX-BITTER-LEMON-330-GLASS,"Тоник Dreamix Bitter Lemon, 0,33 л, стекло","Тоник Dreamix Bitter Lemon, 0,33 л, стекло",Dreamix,ГК ПД «Бавария»,Тоники,"PDF p.21: PET 1л / стекло 0,33 / банка 0,33","0,33 л",стекло,Bitter Lemon,газированная,,0,https://www.bavaria-group.ru/beer-product/dreamix,https://www.bavaria-group.ru/files/beer_items/128_1775214996.png,/workspace/artifacts/bavaria-import/2026-07-31T10-52-18-371Z/images/bavaria-dreamix-bitter-lemon-1-l-pet.png,new,high,,"PDF p.21: PET 1л / стекло 0,33 / банка 0,33",pdf-image p.21,exact,21,"site Dreamix Toniс PET 1л + стекло 0,33",p.21 PET/GL/CAN icons + product photos
BAVARIA-DREAMIX-BITTER-LEMON-330-CAN,"Тоник Dreamix Bitter Lemon, 0,33 л, банка","Тоник Dreamix Bitter Lemon, 0,33 л, банка",Dreamix,ГК ПД «Бавария»,Тоники,"PDF p.21: PET 1л / стекло 0,33 / банка 0,33","0,33 л",банка,Bitter Lemon,газированная,,0,https://www.bavaria-group.ru/beer-product/dreamix,,,new,high,,"PDF p.21: PET 1л / стекло 0,33 / банка 0,33",pdf-image p.21,exact,21,,p.21 PET/GL/CAN icons + product photos
BAVARIA-DREAMIX-INDIAN-TONIK-1000-PET,"Тоник Dreamix Indian Tonic, 1 л, ПЭТ","Тоник Dreamix Indian Tonic, 1 л, ПЭТ",Dreamix,ГК ПД «Бавария»,Тоники,"PDF p.21: PET 1л / стекло 0,33 / банка 0,33",1 л,ПЭТ,Indian Tonic,газированная,,0,https://www.bavaria-group.ru/beer-product/dreamix,,,new,high,,"PDF p.21: PET 1л / стекло 0,33 / банка 0,33",pdf-image p.21,exact,21,"site Dreamix Toniс PET 1л + стекло 0,33",p.21 PET/GL/CAN icons + product photos
BAVARIA-DREAMIX-INDIAN-TONIK-330-GLASS,"Тоник Dreamix Indian Tonic, 0,33 л, стекло","Тоник Dreamix Indian Tonic, 0,33 л, стекло",Dreamix,ГК ПД «Бавария»,Тоники,"PDF p.21: PET 1л / стекло 0,33 / банка 0,33","0,33 л",стекло,Indian Tonic,газированная,,0,https://www.bavaria-group.ru/beer-product/dreamix,,,new,high,,"PDF p.21: PET 1л / стекло 0,33 / банка 0,33",pdf-image p.21,exact,21,"site Dreamix Toniс PET 1л + стекло 0,33",p.21 PET/GL/CAN icons + product photos
BAVARIA-DREAMIX-INDIAN-TONIK-330-CAN,"Тоник Dreamix Indian Tonic, 0,33 л, банка","Тоник Dreamix Indian Tonic, 0,33 л, банка",Dreamix,ГК ПД «Бавария»,Тоники,"PDF p.21: PET 1л / стекло 0,33 / банка 0,33","0,33 л",банка,Indian Tonic,газированная,,0,https://www.bavaria-group.ru/beer-product/dreamix,,,new,high,,"PDF p.21: PET 1л / стекло 0,33 / банка 0,33",pdf-image p.21,exact,21,,p.21 PET/GL/CAN icons + product photos
BAVARIA-ROCKET-RIDE-CLASSIC-450-CAN,"Напиток энергетический Rocket Ride Classical, 0,45 л, банка","Напиток энергетический Rocket Ride Classical, 0,45 л, банка",Rocket Ride,ГК ПД «Бавария»,Энергетические напитки,"PDF p.29: CAN 0,45 + PET 0,5 для всех 5 вкусов","0,45 л",банка,Classical,,,,https://www.bavaria-group.ru/beer-product/vitaminnyj-napitok-rocket-ride,,,new,high,,"PDF p.29: CAN 0,45 + PET 0,5 для всех 5 вкусов",pdf-image p.29,exact,29,site flavors without packs,p.29 packs + flavor photos
BAVARIA-ROCKET-RIDE-CLASSIC-500-PET,"Напиток энергетический Rocket Ride Classical, 0,5 л, ПЭТ","Напиток энергетический Rocket Ride Classical, 0,5 л, ПЭТ",Rocket Ride,ГК ПД «Бавария»,Энергетические напитки,"PDF p.29: CAN 0,45 + PET 0,5 для всех 5 вкусов","0,5 л",ПЭТ,Classical,,,,https://www.bavaria-group.ru/beer-product/vitaminnyj-napitok-rocket-ride,,,new,high,,"PDF p.29: CAN 0,45 + PET 0,5 для всех 5 вкусов",pdf-image p.29,exact,29,site flavors without packs,p.29 packs + flavor photos
BAVARIA-ROCKET-RIDE-MANGO-APRICOT-450-CAN,"Напиток энергетический Rocket Ride Манго Абрикос, 0,45 л, банка","Напиток энергетический Rocket Ride Манго Абрикос, 0,45 л, банка",Rocket Ride,ГК ПД «Бавария»,Энергетические напитки,"PDF p.29: CAN 0,45 + PET 0,5 для всех 5 вкусов","0,45 л",банка,Манго Абрикос,,,,https://www.bavaria-group.ru/beer-product/vitaminnyj-napitok-rocket-ride,,,new,high,,"PDF p.29: CAN 0,45 + PET 0,5 для всех 5 вкусов",pdf-image p.29,exact,29,site flavors without packs,p.29 packs + flavor photos
BAVARIA-ROCKET-RIDE-MANGO-APRICOT-500-PET,"Напиток энергетический Rocket Ride Манго Абрикос, 0,5 л, ПЭТ","Напиток энергетический Rocket Ride Манго Абрикос, 0,5 л, ПЭТ",Rocket Ride,ГК ПД «Бавария»,Энергетические напитки,"PDF p.29: CAN 0,45 + PET 0,5 для всех 5 вкусов","0,5 л",ПЭТ,Манго Абрикос,,,,https://www.bavaria-group.ru/beer-product/vitaminnyj-napitok-rocket-ride,,,new,high,,"PDF p.29: CAN 0,45 + PET 0,5 для всех 5 вкусов",pdf-image p.29,exact,29,site flavors without packs,p.29 packs + flavor photos
BAVARIA-ROCKET-RIDE-KIVI-YABLOKO-450-CAN,"Напиток энергетический Rocket Ride Киви Яблоко, 0,45 л, банка","Напиток энергетический Rocket Ride Киви Яблоко, 0,45 л, банка",Rocket Ride,ГК ПД «Бавария»,Энергетические напитки,"PDF p.29: CAN 0,45 + PET 0,5 для всех 5 вкусов","0,45 л",банка,Киви Яблоко,,,,https://www.bavaria-group.ru/beer-product/vitaminnyj-napitok-rocket-ride,,,new,high,,"PDF p.29: CAN 0,45 + PET 0,5 для всех 5 вкусов",pdf-image p.29,exact,29,site flavors without packs,p.29 packs + flavor photos
BAVARIA-ROCKET-RIDE-KIVI-YABLOKO-500-PET,"Напиток энергетический Rocket Ride Киви Яблоко, 0,5 л, ПЭТ","Напиток энергетический Rocket Ride Киви Яблоко, 0,5 л, ПЭТ",Rocket Ride,ГК ПД «Бавария»,Энергетические напитки,"PDF p.29: CAN 0,45 + PET 0,5 для всех 5 вкусов","0,5 л",ПЭТ,Киви Яблоко,,,,https://www.bavaria-group.ru/beer-product/vitaminnyj-napitok-rocket-ride,,,new,high,,"PDF p.29: CAN 0,45 + PET 0,5 для всех 5 вкусов",pdf-image p.29,exact,29,site flavors without packs,p.29 packs + flavor photos
BAVARIA-ROCKET-RIDE-DIKIE-YAGODY-450-CAN,"Напиток энергетический Rocket Ride Дикие Ягоды, 0,45 л, банка","Напиток энергетический Rocket Ride Дикие Ягоды, 0,45 л, банка",Rocket Ride,ГК ПД «Бавария»,Энергетические напитки,"PDF p.29: CAN 0,45 + PET 0,5 для всех 5 вкусов","0,45 л",банка,Дикие Ягоды,,,,https://www.bavaria-group.ru/beer-product/vitaminnyj-napitok-rocket-ride,,,new,high,,"PDF p.29: CAN 0,45 + PET 0,5 для всех 5 вкусов",pdf-image p.29,exact,29,site flavors without packs,p.29 packs + flavor photos
BAVARIA-ROCKET-RIDE-DIKIE-YAGODY-500-PET,"Напиток энергетический Rocket Ride Дикие Ягоды, 0,5 л, ПЭТ","Напиток энергетический Rocket Ride Дикие Ягоды, 0,5 л, ПЭТ",Rocket Ride,ГК ПД «Бавария»,Энергетические напитки,"PDF p.29: CAN 0,45 + PET 0,5 для всех 5 вкусов","0,5 л",ПЭТ,Дикие Ягоды,,,,https://www.bavaria-group.ru/beer-product/vitaminnyj-napitok-rocket-ride,,,new,high,,"PDF p.29: CAN 0,45 + PET 0,5 для всех 5 вкусов",pdf-image p.29,exact,29,site flavors without packs,p.29 packs + flavor photos
BAVARIA-ROCKET-RIDE-LAYM-LEMONGRAS-450-CAN,"Напиток энергетический Rocket Ride Лайм Лемонграсс, 0,45 л, банка","Напиток энергетический Rocket Ride Лайм Лемонграсс, 0,45 л, банка",Rocket Ride,ГК ПД «Бавария»,Энергетические напитки,"PDF p.29: CAN 0,45 + PET 0,5 для всех 5 вкусов","0,45 л",банка,Лайм Лемонграсс,,,,https://www.bavaria-group.ru/beer-product/vitaminnyj-napitok-rocket-ride,,,new,high,,"PDF p.29: CAN 0,45 + PET 0,5 для всех 5 вкусов",pdf-image p.29,exact,29,site flavors without packs,p.29 packs + flavor photos
BAVARIA-ROCKET-RIDE-LAYM-LEMONGRAS-500-PET,"Напиток энергетический Rocket Ride Лайм Лемонграсс, 0,5 л, ПЭТ","Напиток энергетический Rocket Ride Лайм Лемонграсс, 0,5 л, ПЭТ",Rocket Ride,ГК ПД «Бавария»,Энергетические напитки,"PDF p.29: CAN 0,45 + PET 0,5 для всех 5 вкусов","0,5 л",ПЭТ,Лайм Лемонграсс,,,,https://www.bavaria-group.ru/beer-product/vitaminnyj-napitok-rocket-ride,,,new,high,,"PDF p.29: CAN 0,45 + PET 0,5 для всех 5 вкусов",pdf-image p.29,exact,29,site flavors without packs,p.29 packs + flavor photos
BAVARIA-MOUNTEA-PERSIK-1500-PET,"Холодный чай MOUNTEA Персик, 1,5 л, ПЭТ","Холодный чай MOUNTEA Персик, 1,5 л, ПЭТ",MOUNTEA,ГК ПД «Бавария»,Холодный чай,"PDF p.24: 3 вкуса × PET 1,5 / 0,5 / CAN 0,33","1,5 л",ПЭТ,Персик,,,,https://www.bavaria-group.ru/beer-product/holodnyj-caj-mountea,https://www.bavaria-group.ru/files/beer_items/28_1758711718.png,/workspace/artifacts/bavaria-import/2026-07-31T10-52-18-371Z/images/bavaria-mountea-persik-1-5-l-pet.png,new,high,,"PDF p.24: 3 вкуса × PET 1,5 / 0,5 / CAN 0,33",pdf-image p.24,exact,24,site Персик/Лесные ягоды; Лайм-мята добавлен из PDF,p.24
BAVARIA-MOUNTEA-PERSIK-500-PET,"Холодный чай MOUNTEA Персик, 0,5 л, ПЭТ","Холодный чай MOUNTEA Персик, 0,5 л, ПЭТ",MOUNTEA,ГК ПД «Бавария»,Холодный чай,"PDF p.24: 3 вкуса × PET 1,5 / 0,5 / CAN 0,33","0,5 л",ПЭТ,Персик,,,,https://www.bavaria-group.ru/beer-product/holodnyj-caj-mountea,https://www.bavaria-group.ru/files/beer_items/28_1758711718.png,/workspace/artifacts/bavaria-import/2026-07-31T10-52-18-371Z/images/bavaria-mountea-persik-1-5-l-pet.png,new,high,,"PDF p.24: 3 вкуса × PET 1,5 / 0,5 / CAN 0,33",pdf-image p.24,exact,24,site Персик/Лесные ягоды; Лайм-мята добавлен из PDF,p.24
BAVARIA-MOUNTEA-PERSIK-330-CAN,"Холодный чай MOUNTEA Персик, 0,33 л, банка","Холодный чай MOUNTEA Персик, 0,33 л, банка",MOUNTEA,ГК ПД «Бавария»,Холодный чай,"PDF p.24: 3 вкуса × PET 1,5 / 0,5 / CAN 0,33","0,33 л",банка,Персик,,,,https://www.bavaria-group.ru/beer-product/holodnyj-caj-mountea,,,new,high,,"PDF p.24: 3 вкуса × PET 1,5 / 0,5 / CAN 0,33",pdf-image p.24,exact,24,site Персик/Лесные ягоды; Лайм-мята добавлен из PDF,p.24
BAVARIA-MOUNTEA-LESNYE-YAGODY-1500-PET,"Холодный чай MOUNTEA Лесные ягоды, 1,5 л, ПЭТ","Холодный чай MOUNTEA Лесные ягоды, 1,5 л, ПЭТ",MOUNTEA,ГК ПД «Бавария»,Холодный чай,"PDF p.24: 3 вкуса × PET 1,5 / 0,5 / CAN 0,33","1,5 л",ПЭТ,Лесные ягоды,,,,https://www.bavaria-group.ru/beer-product/holodnyj-caj-mountea,,,new,high,,"PDF p.24: 3 вкуса × PET 1,5 / 0,5 / CAN 0,33",pdf-image p.24,exact,24,site Персик/Лесные ягоды; Лайм-мята добавлен из PDF,p.24
BAVARIA-MOUNTEA-LESNYE-YAGODY-500-PET,"Холодный чай MOUNTEA Лесные ягоды, 0,5 л, ПЭТ","Холодный чай MOUNTEA Лесные ягоды, 0,5 л, ПЭТ",MOUNTEA,ГК ПД «Бавария»,Холодный чай,"PDF p.24: 3 вкуса × PET 1,5 / 0,5 / CAN 0,33","0,5 л",ПЭТ,Лесные ягоды,,,,https://www.bavaria-group.ru/beer-product/holodnyj-caj-mountea,,,new,high,,"PDF p.24: 3 вкуса × PET 1,5 / 0,5 / CAN 0,33",pdf-image p.24,exact,24,site Персик/Лесные ягоды; Лайм-мята добавлен из PDF,p.24
BAVARIA-MOUNTEA-LESNYE-YAGODY-330-CAN,"Холодный чай MOUNTEA Лесные ягоды, 0,33 л, банка","Холодный чай MOUNTEA Лесные ягоды, 0,33 л, банка",MOUNTEA,ГК ПД «Бавария»,Холодный чай,"PDF p.24: 3 вкуса × PET 1,5 / 0,5 / CAN 0,33","0,33 л",банка,Лесные ягоды,,,,https://www.bavaria-group.ru/beer-product/holodnyj-caj-mountea,https://www.bavaria-group.ru/files/beer_items/67_1758711780.png,/workspace/artifacts/bavaria-import/2026-07-31T10-52-18-371Z/images/bavaria-mountea-lesnye-yagody-0-33-l-banka.png,new,high,,"PDF p.24: 3 вкуса × PET 1,5 / 0,5 / CAN 0,33",pdf-image p.24,exact,24,site Персик/Лесные ягоды; Лайм-мята добавлен из PDF,p.24
BAVARIA-MOUNTEA-LAYM-MYATA-1500-PET,"Холодный чай MOUNTEA Лайм-мята, 1,5 л, ПЭТ","Холодный чай MOUNTEA Лайм-мята, 1,5 л, ПЭТ",MOUNTEA,ГК ПД «Бавария»,Холодный чай,"PDF p.24: 3 вкуса × PET 1,5 / 0,5 / CAN 0,33","1,5 л",ПЭТ,Лайм-мята,,,,https://www.bavaria-group.ru/beer-product/holodnyj-caj-mountea,,,new,high,,"PDF p.24: 3 вкуса × PET 1,5 / 0,5 / CAN 0,33",pdf-image p.24,exact,24,site Персик/Лесные ягоды; Лайм-мята добавлен из PDF,p.24
BAVARIA-MOUNTEA-LAYM-MYATA-500-PET,"Холодный чай MOUNTEA Лайм-мята, 0,5 л, ПЭТ","Холодный чай MOUNTEA Лайм-мята, 0,5 л, ПЭТ",MOUNTEA,ГК ПД «Бавария»,Холодный чай,"PDF p.24: 3 вкуса × PET 1,5 / 0,5 / CAN 0,33","0,5 л",ПЭТ,Лайм-мята,,,,https://www.bavaria-group.ru/beer-product/holodnyj-caj-mountea,,,new,high,,"PDF p.24: 3 вкуса × PET 1,5 / 0,5 / CAN 0,33",pdf-image p.24,exact,24,site Персик/Лесные ягоды; Лайм-мята добавлен из PDF,p.24
BAVARIA-MOUNTEA-LAYM-MYATA-330-CAN,"Холодный чай MOUNTEA Лайм-мята, 0,33 л, банка","Холодный чай MOUNTEA Лайм-мята, 0,33 л, банка",MOUNTEA,ГК ПД «Бавария»,Холодный чай,"PDF p.24: 3 вкуса × PET 1,5 / 0,5 / CAN 0,33","0,33 л",банка,Лайм-мята,,,,https://www.bavaria-group.ru/beer-product/holodnyj-caj-mountea,,,new,high,,"PDF p.24: 3 вкуса × PET 1,5 / 0,5 / CAN 0,33",pdf-image p.24,exact,24,site Персик/Лесные ягоды; Лайм-мята добавлен из PDF,p.24
BAVARIA-DOBRETSOV-HLEBNYY-2000-PET,"Квас Добрецовъ Хлебный, 2 л, ПЭТ","Квас Добрецовъ Хлебный, 2 л, ПЭТ",Добрецовъ,ГК ПД «Бавария»,Квас,"PDF p.13 consumer packs; бренд Добрецовъ; mid PET = 1,42 л",2 л,ПЭТ,Хлебный,,,,https://www.bavaria-group.ru/beer-product/kvas-dobretsov,,,new,high,,"PDF p.13 consumer packs; бренд Добрецовъ; mid PET = 1,42 л",pdf-image p.13,shared-line-image,13,site PET 2 / ~1.4 + can 0.45,p.13 PET 2/1.42 + CAN 0.45; variants Бочковой/Хлебный
BAVARIA-DOBRETSOV-HLEBNYY-1420-PET,"Квас Добрецовъ Хлебный, 1,42 л, ПЭТ","Квас Добрецовъ Хлебный, 1,42 л, ПЭТ",Добрецовъ,ГК ПД «Бавария»,Квас,"PDF p.13 consumer packs; бренд Добрецовъ; mid PET = 1,42 л","1,42 л",ПЭТ,Хлебный,,,,https://www.bavaria-group.ru/beer-product/kvas-dobretsov,,,new,high,,"PDF p.13 consumer packs; бренд Добрецовъ; mid PET = 1,42 л",pdf-image p.13,shared-line-image,13,site PET 2 / ~1.4 + can 0.45,p.13 PET 2/1.42 + CAN 0.45; variants Бочковой/Хлебный
BAVARIA-DOBRETSOV-HLEBNYY-450-CAN,"Квас Добрецовъ Хлебный, 0,45 л, банка","Квас Добрецовъ Хлебный, 0,45 л, банка",Добрецовъ,ГК ПД «Бавария»,Квас,"PDF p.13 consumer packs; бренд Добрецовъ; mid PET = 1,42 л","0,45 л",банка,Хлебный,,,,https://www.bavaria-group.ru/beer-product/kvas-dobretsov,,,new,high,,"PDF p.13 consumer packs; бренд Добрецовъ; mid PET = 1,42 л",pdf-image p.13,shared-line-image,13,site PET 2 / ~1.4 + can 0.45,p.13 PET 2/1.42 + CAN 0.45; variants Бочковой/Хлебный
BAVARIA-DOBRETSOV-BOCHKOVOY-2000-PET,"Квас Добрецовъ Бочковой, 2 л, ПЭТ","Квас Добрецовъ Бочковой, 2 л, ПЭТ",Добрецовъ,ГК ПД «Бавария»,Квас,"PDF p.13 consumer packs; бренд Добрецовъ; mid PET = 1,42 л",2 л,ПЭТ,Бочковой,,,,https://www.bavaria-group.ru/beer-product/kvas-dobretsov,,,new,high,,"PDF p.13 consumer packs; бренд Добрецовъ; mid PET = 1,42 л",pdf-image p.13,shared-line-image,13,site PET 2 / ~1.4 + can 0.45,p.13 PET 2/1.42 + CAN 0.45; variants Бочковой/Хлебный
BAVARIA-DOBRETSOV-BOCHKOVOY-1420-PET,"Квас Добрецовъ Бочковой, 1,42 л, ПЭТ","Квас Добрецовъ Бочковой, 1,42 л, ПЭТ",Добрецовъ,ГК ПД «Бавария»,Квас,"PDF p.13 consumer packs; бренд Добрецовъ; mid PET = 1,42 л","1,42 л",ПЭТ,Бочковой,,,,https://www.bavaria-group.ru/beer-product/kvas-dobretsov,,,new,high,,"PDF p.13 consumer packs; бренд Добрецовъ; mid PET = 1,42 л",pdf-image p.13,shared-line-image,13,site PET 2 / ~1.4 + can 0.45,p.13 PET 2/1.42 + CAN 0.45; variants Бочковой/Хлебный
BAVARIA-BAVARIYA-RETRO-YUZHNAYA-CHAYKA-450-GLASS,Сладкие газированные напитки линейки «Ретро»,"Напиток газированный Бавария Южная Чайка газированная, 0,45 л, стекло",Бавария,ГК ПД «Бавария»,Газированные напитки,carried from site-approved,"0,45 л",стекло,Южная Чайка,газированная,,,https://www.bavaria-group.ru/beer-product/sladkij-silnogazirovannyj-napitok-cajka,https://www.bavaria-group.ru/files/beer_items/25_1765459937.jpg,,new,high,carried-forward site-approved after PDF visual merge of soft-drink lines,Previous site-approved SKU retained; not contradicted by PDF,site variant titles + packs,exact,,site,
BAVARIA-BAVARIYA-RETRO-YUZHNAYA-CHAYKA-500-PET,Сладкие газированные напитки линейки «Ретро»,"Напиток газированный Бавария Южная Чайка газированная, 0,5 л, ПЭТ",Бавария,ГК ПД «Бавария»,Газированные напитки,carried from site-approved,"0,5 л",ПЭТ,Южная Чайка,газированная,,,https://www.bavaria-group.ru/beer-product/sladkij-silnogazirovannyj-napitok-cajka,https://www.bavaria-group.ru/files/beer_items/25_1765459937.jpg,,new,high,carried-forward site-approved after PDF visual merge of soft-drink lines,Previous site-approved SKU retained; not contradicted by PDF,site variant titles + packs,exact,,site,
BAVARIA-BAVARIYA-RETRO-RODNYE-OGONKI-450-GLASS,Сладкие газированные напитки линейки «Ретро»,"Напиток газированный Бавария Родные Огоньки газированная, 0,45 л, стекло",Бавария,ГК ПД «Бавария»,Газированные напитки,carried from site-approved,"0,45 л",стекло,Родные Огоньки,газированная,,,https://www.bavaria-group.ru/beer-product/sladkij-silnogazirovannyj-napitok-cajka,https://www.bavaria-group.ru/files/beer_items/25_1765459937.jpg,,new,high,carried-forward site-approved after PDF visual merge of soft-drink lines,Previous site-approved SKU retained; not contradicted by PDF,site variant titles + packs,exact,,site,
BAVARIA-BAVARIYA-RETRO-RODNYE-OGONKI-500-PET,Сладкие газированные напитки линейки «Ретро»,"Напиток газированный Бавария Родные Огоньки газированная, 0,5 л, ПЭТ",Бавария,ГК ПД «Бавария»,Газированные напитки,carried from site-approved,"0,5 л",ПЭТ,Родные Огоньки,газированная,,,https://www.bavaria-group.ru/beer-product/sladkij-silnogazirovannyj-napitok-cajka,https://www.bavaria-group.ru/files/beer_items/25_1765459937.jpg,,new,high,carried-forward site-approved after PDF visual merge of soft-drink lines,Previous site-approved SKU retained; not contradicted by PDF,site variant titles + packs,exact,,site,
BAVARIA-BAVARIYA-RETRO-ZAPOVEDNAYA-TAYGA-450-GLASS,Сладкие газированные напитки линейки «Ретро»,"Напиток газированный Бавария Заповедная Тайга газированная, 0,45 л, стекло",Бавария,ГК ПД «Бавария»,Газированные напитки,carried from site-approved,"0,45 л",стекло,Заповедная Тайга,газированная,,,https://www.bavaria-group.ru/beer-product/sladkij-silnogazirovannyj-napitok-cajka,https://www.bavaria-group.ru/files/beer_items/25_1765459937.jpg,,new,high,carried-forward site-approved after PDF visual merge of soft-drink lines,Previous site-approved SKU retained; not contradicted by PDF,site variant titles + packs,exact,,site,
BAVARIA-BLACK-ROCKET-BLACK-ROCKET-450-CAN,«BLACK ROCKET»,"Напиток энергетический BLACK ROCKET, 0,45 л, банка",BLACK ROCKET,ГК ПД «Бавария»,Энергетические напитки,carried from site-approved,"0,45 л",банка,BLACK ROCKET,,,,https://www.bavaria-group.ru/beer-product/black-rocket,https://www.bavaria-group.ru/files/beer_items/89_1726224339.png,,new,high,carried-forward site-approved after PDF visual merge of soft-drink lines,Previous site-approved SKU retained; not contradicted by PDF,site,exact,,site,
BAVARIA-BLACK-ROCKET-BLACK-ROCKET-500-PET,«BLACK ROCKET»,"Напиток энергетический BLACK ROCKET, 0,5 л, ПЭТ",BLACK ROCKET,ГК ПД «Бавария»,Энергетические напитки,carried from site-approved,"0,5 л",ПЭТ,BLACK ROCKET,,,,https://www.bavaria-group.ru/beer-product/black-rocket,https://www.bavaria-group.ru/files/beer_items/90_1726224400.png,,new,high,carried-forward site-approved after PDF visual merge of soft-drink lines,Previous site-approved SKU retained; not contradicted by PDF,site,exact,,site,
BAVARIA-HONG-EZHEVIKA-500-PET,"Сильногазированные безалкогольные напитки ""Хонга""","Напиток газированный ХОНГÆ Ежевика газированная, 0,5 л, ПЭТ",ХОНГÆ,ГК ПД «Бавария»,Газированные напитки,carried from site-approved,"0,5 л",ПЭТ,Ежевика,газированная,,,https://www.bavaria-group.ru/beer-product/silnogazirovannye-bezalkogolnye-napitki-honga,https://www.bavaria-group.ru/files/beer_items/129_1775745544.jpg,,new,high,carried-forward site-approved after PDF visual merge of soft-drink lines,Previous site-approved SKU retained; not contradicted by PDF,site,shared-line-image,,site,
BAVARIA-HONG-CHERESHNYA-500-PET,"Сильногазированные безалкогольные напитки ""Хонга""","Напиток газированный ХОНГÆ Черешня газированная, 0,5 л, ПЭТ",ХОНГÆ,ГК ПД «Бавария»,Газированные напитки,carried from site-approved,"0,5 л",ПЭТ,Черешня,газированная,,,https://www.bavaria-group.ru/beer-product/silnogazirovannye-bezalkogolnye-napitki-honga,https://www.bavaria-group.ru/files/beer_items/129_1775745544.jpg,,new,high,carried-forward site-approved after PDF visual merge of soft-drink lines,Previous site-approved SKU retained; not contradicted by PDF,site,shared-line-image,,site,
BAVARIA-HONG-VINOGRAD-500-PET,"Сильногазированные безалкогольные напитки ""Хонга""","Напиток газированный ХОНГÆ Виноград газированная, 0,5 л, ПЭТ",ХОНГÆ,ГК ПД «Бавария»,Газированные напитки,carried from site-approved,"0,5 л",ПЭТ,Виноград,газированная,,,https://www.bavaria-group.ru/beer-product/silnogazirovannye-bezalkogolnye-napitki-honga,https://www.bavaria-group.ru/files/beer_items/129_1775745544.jpg,,new,high,carried-forward site-approved after PDF visual merge of soft-drink lines,Previous site-approved SKU retained; not contradicted by PDF,site,shared-line-image,,site,
BAVARIA-HONG-YABLOKO-SHELKOVITSA-500-PET,"Сильногазированные безалкогольные напитки ""Хонга""","Напиток газированный ХОНГÆ Яблоко-шелковица газированная, 0,5 л, ПЭТ",ХОНГÆ,ГК ПД «Бавария»,Газированные напитки,carried from site-approved,"0,5 л",ПЭТ,Яблоко-шелковица,газированная,,,https://www.bavaria-group.ru/beer-product/silnogazirovannye-bezalkogolnye-napitki-honga,https://www.bavaria-group.ru/files/beer_items/129_1775745544.jpg,,new,high,carried-forward site-approved after PDF visual merge of soft-drink lines,Previous site-approved SKU retained; not contradicted by PDF,site,shared-line-image,,site,
BAVARIA-BAVARIYA-NEW-ORANGE-500-PET,New Orange,"Напиток газированный Бавария New Orange газированная, 0,5 л, ПЭТ",Бавария,ГК ПД «Бавария»,Газированные напитки,carried from site-approved,"0,5 л",ПЭТ,New Orange,газированная,,,https://www.bavaria-group.ru/beer-product/new-orange,https://www.bavaria-group.ru/files/beer_items/110_1757078392.png,,new,high,carried-forward site-approved after PDF visual merge of soft-drink lines,Previous site-approved SKU retained; not contradicted by PDF,site,exact,,site,
BAVARIA-BAVARIYA-NEW-ORANGE-1000-PET,New Orange,"Напиток газированный Бавария New Orange газированная, 1 л, ПЭТ",Бавария,ГК ПД «Бавария»,Газированные напитки,carried from site-approved,1 л,ПЭТ,New Orange,газированная,,,https://www.bavaria-group.ru/beer-product/new-orange,https://www.bavaria-group.ru/files/beer_items/110_1757078392.png,,new,high,carried-forward site-approved after PDF visual merge of soft-drink lines,Previous site-approved SKU retained; not contradicted by PDF,site,exact,,site,
BAVARIA-BAVARIYA-NEW-ORANGE-1500-PET,New Orange,"Напиток газированный Бавария New Orange газированная, 1,5 л, ПЭТ",Бавария,ГК ПД «Бавария»,Газированные напитки,carried from site-approved,"1,5 л",ПЭТ,New Orange,газированная,,,https://www.bavaria-group.ru/beer-product/new-orange,https://www.bavaria-group.ru/files/beer_items/110_1757078392.png,,new,high,carried-forward site-approved after PDF visual merge of soft-drink lines,Previous site-approved SKU retained; not contradicted by PDF,site,exact,,site,
BAVARIA-SWIPE-SWIPE-1500-PET,Сильногазированный напиток «SWIPE»,"Напиток газированный SWIPE газированная, 1,5 л, ПЭТ",SWIPE,ГК ПД «Бавария»,Газированные напитки,carried from site-approved,"1,5 л",ПЭТ,SWIPE,газированная,,,https://www.bavaria-group.ru/beer-product/swipe,https://www.bavaria-group.ru/files/beer_items/74_1718376186.jpg,,new,high,carried-forward site-approved after PDF visual merge of soft-drink lines,Previous site-approved SKU retained; not contradicted by PDF,site: Стекло 0.33 л,shared-line-image,,site,p.22
BAVARIA-SWIPE-SWIPE-500-PET,Сильногазированный напиток «SWIPE»,"Напиток газированный SWIPE газированная, 0,5 л, ПЭТ",SWIPE,ГК ПД «Бавария»,Газированные напитки,carried from site-approved,"0,5 л",ПЭТ,SWIPE,газированная,,,https://www.bavaria-group.ru/beer-product/swipe,https://www.bavaria-group.ru/files/beer_items/74_1718376186.jpg,,new,high,carried-forward site-approved after PDF visual merge of soft-drink lines,Previous site-approved SKU retained; not contradicted by PDF,site: Стекло 0.33 л,shared-line-image,,site,p.22
BAVARIA-SWIPE-SWIPE-330-GLASS,Сильногазированный напиток «SWIPE»,"Напиток газированный SWIPE газированная, 0,33 л, стекло",SWIPE,ГК ПД «Бавария»,Газированные напитки,carried from site-approved,"0,33 л",стекло,SWIPE,газированная,,,https://www.bavaria-group.ru/beer-product/swipe,https://www.bavaria-group.ru/files/beer_items/74_1718376186.jpg,,new,high,carried-forward site-approved after PDF visual merge of soft-drink lines,Previous site-approved SKU retained; not contradicted by PDF,site: Стекло 0.33 л,shared-line-image,,site,p.22
BAVARIA-BAVARIYA-KOLA-PREMIUM-LE-1500-PET,Кола Premium LIMITED EDITION,"Напиток газированный Бавария Кола Premium LIMITED EDITION газированная, 1,5 л, ПЭТ",Бавария,ГК ПД «Бавария»,Газированные напитки,carried from site-approved,"1,5 л",ПЭТ,Кола Premium LIMITED EDITION,газированная,,,https://www.bavaria-group.ru/beer-product/kola-limited-edition,https://www.bavaria-group.ru/files/beer_items/65_1718375901.jpg,,new,high,carried-forward site-approved after PDF visual merge of soft-drink lines,Previous site-approved SKU retained; not contradicted by PDF,site,shared-line-image,,site,
BAVARIA-BAVARIYA-KOLA-PREMIUM-LE-500-PET,Кола Premium LIMITED EDITION,"Напиток газированный Бавария Кола Premium LIMITED EDITION газированная, 0,5 л, ПЭТ",Бавария,ГК ПД «Бавария»,Газированные напитки,carried from site-approved,"0,5 л",ПЭТ,Кола Premium LIMITED EDITION,газированная,,,https://www.bavaria-group.ru/beer-product/kola-limited-edition,https://www.bavaria-group.ru/files/beer_items/65_1718375901.jpg,,new,high,carried-forward site-approved after PDF visual merge of soft-drink lines,Previous site-approved SKU retained; not contradicted by PDF,site,shared-line-image,,site,
BAVARIA-BAVARIYA-KOLA-PREMIUM-LE-500-GLASS,Кола Premium LIMITED EDITION,"Напиток газированный Бавария Кола Premium LIMITED EDITION газированная, 0,5 л, стекло",Бавария,ГК ПД «Бавария»,Газированные напитки,carried from site-approved,"0,5 л",стекло,Кола Premium LIMITED EDITION,газированная,,,https://www.bavaria-group.ru/beer-product/kola-limited-edition,https://www.bavaria-group.ru/files/beer_items/65_1718375901.jpg,,new,high,carried-forward site-approved after PDF visual merge of soft-drink lines,Previous site-approved SKU retained; not contradicted by PDF,site,shared-line-image,,site,
BAVARIA-BAVARIYA-KOLA-PREMIUM-LE-330-GLASS,Кола Premium LIMITED EDITION,"Напиток газированный Бавария Кола Premium LIMITED EDITION газированная, 0,33 л, стекло",Бавария,ГК ПД «Бавария»,Газированные напитки,carried from site-approved,"0,33 л",стекло,Кола Premium LIMITED EDITION,газированная,,,https://www.bavaria-group.ru/beer-product/kola-limited-edition,https://www.bavaria-group.ru/files/beer_items/65_1718375901.jpg,,new,high,carried-forward site-approved after PDF visual merge of soft-drink lines,Previous site-approved SKU retained; not contradicted by PDF,site,shared-line-image,,site,
BAVARIA-BAVARIYA-KOLA-PREMIUM-LE-330-CAN,Кола Premium LIMITED EDITION,"Напиток газированный Бавария Кола Premium LIMITED EDITION газированная, 0,33 л, банка",Бавария,ГК ПД «Бавария»,Газированные напитки,carried from site-approved,"0,33 л",банка,Кола Premium LIMITED EDITION,газированная,,,https://www.bavaria-group.ru/beer-product/kola-limited-edition,https://www.bavaria-group.ru/files/beer_items/65_1718375901.jpg,,new,high,carried-forward site-approved after PDF visual merge of soft-drink lines,Previous site-approved SKU retained; not contradicted by PDF,site,shared-line-image,,site,
BAVARIA-BAVARIYA-KOLA-SF-1500-PET,Кола Premium SUGAR FREE,"Напиток газированный Бавария Кола Premium SUGAR FREE газированная, 1,5 л, ПЭТ",Бавария,ГК ПД «Бавария»,Газированные напитки,carried from site-approved,"1,5 л",ПЭТ,Кола Premium SUGAR FREE,газированная,без сахара,,https://www.bavaria-group.ru/beer-product/kola-premium-sugar-free,https://www.bavaria-group.ru/files/beer_items/125_1765464144.jpg,,new,high,carried-forward site-approved after PDF visual merge of soft-drink lines,Previous site-approved SKU retained; not contradicted by PDF,site,exact,,site,
BAVARIA-BAVARIYA-KOLA-SF-1000-PET,Кола Premium SUGAR FREE,"Напиток газированный Бавария Кола Premium SUGAR FREE газированная, 1 л, ПЭТ",Бавария,ГК ПД «Бавария»,Газированные напитки,carried from site-approved,1 л,ПЭТ,Кола Premium SUGAR FREE,газированная,без сахара,,https://www.bavaria-group.ru/beer-product/kola-premium-sugar-free,https://www.bavaria-group.ru/files/beer_items/125_1765464144.jpg,,new,high,carried-forward site-approved after PDF visual merge of soft-drink lines,Previous site-approved SKU retained; not contradicted by PDF,site,exact,,site,
BAVARIA-BAVARIYA-KOLA-SF-500-PET,Кола Premium SUGAR FREE,"Напиток газированный Бавария Кола Premium SUGAR FREE газированная, 0,5 л, ПЭТ",Бавария,ГК ПД «Бавария»,Газированные напитки,carried from site-approved,"0,5 л",ПЭТ,Кола Premium SUGAR FREE,газированная,без сахара,,https://www.bavaria-group.ru/beer-product/kola-premium-sugar-free,https://www.bavaria-group.ru/files/beer_items/125_1765464144.jpg,,new,high,carried-forward site-approved after PDF visual merge of soft-drink lines,Previous site-approved SKU retained; not contradicted by PDF,site,exact,,site,
BAVARIA-COLALE-COLA-LE-1500-PET,«Cola Limited Edition»,"Напиток газированный Cola Limited Edition газированная, 1,5 л, ПЭТ",Cola Limited Edition,ГК ПД «Бавария»,Газированные напитки,carried from site-approved,"1,5 л",ПЭТ,Cola Limited Edition,газированная,,,https://www.bavaria-group.ru/beer-product/cola-limited-edition,,,new,medium,carried-forward site-approved after PDF visual merge of soft-drink lines,Previous site-approved SKU retained; not contradicted by PDF,site soft-drink description + packs,shared-line-image,,site,
BAVARIA-COLALE-COLA-LE-500-PET,«Cola Limited Edition»,"Напиток газированный Cola Limited Edition газированная, 0,5 л, ПЭТ",Cola Limited Edition,ГК ПД «Бавария»,Газированные напитки,carried from site-approved,"0,5 л",ПЭТ,Cola Limited Edition,газированная,,,https://www.bavaria-group.ru/beer-product/cola-limited-edition,,,new,medium,carried-forward site-approved after PDF visual merge of soft-drink lines,Previous site-approved SKU retained; not contradicted by PDF,site soft-drink description + packs,shared-line-image,,site,
BAVARIA-COLALE-COLA-LE-450-GLASS,«Cola Limited Edition»,"Напиток газированный Cola Limited Edition газированная, 0,45 л, стекло",Cola Limited Edition,ГК ПД «Бавария»,Газированные напитки,carried from site-approved,"0,45 л",стекло,Cola Limited Edition,газированная,,,https://www.bavaria-group.ru/beer-product/cola-limited-edition,,,new,medium,carried-forward site-approved after PDF visual merge of soft-drink lines,Previous site-approved SKU retained; not contradicted by PDF,site soft-drink description + packs,shared-line-image,,site,
BAVARIA-COLALE-COLA-LE-330-CAN,«Cola Limited Edition»,"Напиток газированный Cola Limited Edition газированная, 0,33 л, банка",Cola Limited Edition,ГК ПД «Бавария»,Газированные напитки,carried from site-approved,"0,33 л",банка,Cola Limited Edition,газированная,,,https://www.bavaria-group.ru/beer-product/cola-limited-edition,,,new,medium,carried-forward site-approved after PDF visual merge of soft-drink lines,Previous site-approved SKU retained; not contradicted by PDF,site soft-drink description + packs,shared-line-image,,site,
BAVARIA-BAVARIYA-MOHITO-KLUBNIKA-ZEMLYANIKA-450-CAN,Напиток безалкогольный сильногазированный MОХИТО,"Напиток газированный Бавария Мохито Клубника-Земляника газированная, 0,45 л, банка",Бавария,ГК ПД «Бавария»,Газированные напитки,carried from site-approved,"0,45 л",банка,Мохито Клубника-Земляника,газированная,,0,https://www.bavaria-group.ru/beer-product/napitok-bezalkogolnyj-silnogazirovannyj-mohito,https://www.bavaria-group.ru/files/beer_items/131_1780557583.png,,new,high,carried-forward site-approved after PDF visual merge of soft-drink lines,Previous site-approved SKU retained; not contradicted by PDF,site,exact,,site,
BAVARIA-BAVARIYA-MOHITO-FRESH-LIME-MINT-SVEZHI-450-CAN,Напиток безалкогольный сильногазированный MОХИТО,"Напиток газированный Бавария Мохито Fresh Lime & Mint (Свежий Лайм & Мята) газированная, 0,45 л, банка",Бавария,ГК ПД «Бавария»,Газированные напитки,carried from site-approved,"0,45 л",банка,Мохито Fresh Lime & Mint (Свежий Лайм & Мята),газированная,,0,https://www.bavaria-group.ru/beer-product/napitok-bezalkogolnyj-silnogazirovannyj-mohito,https://www.bavaria-group.ru/files/beer_items/132_1780557699.png,,new,high,carried-forward site-approved after PDF visual merge of soft-drink lines,Previous site-approved SKU retained; not contradicted by PDF,site,exact,,site,
BAVARIA-MOUNTEA-CHERNYY-CHAY-S-LIMONOM-I-GOR-1000-PET,Линейка натуральных напитков MOUNTEA botanic,"Холодный чай MOUNTEA botanic Черный чай с лимоном и горной мятой, 1 л, ПЭТ",MOUNTEA,ГК ПД «Бавария»,Холодный чай,carried from site-approved,1 л,ПЭТ,Черный чай с лимоном и горной мятой,,,,https://www.bavaria-group.ru/beer-product/linejka-naturalnyh-napitkov-mountea-botanic,https://www.bavaria-group.ru/files/beer_items/135_1783424099.jpg,,new,high,carried-forward site-approved after PDF visual merge of soft-drink lines,Previous site-approved SKU retained; not contradicted by PDF,site,shared-line-image,,site,
BAVARIA-MOUNTEA-CHERNYY-CHAY-S-LIMONOM-I-GORN-500-PET,Линейка натуральных напитков MOUNTEA botanic,"Холодный чай MOUNTEA botanic Черный чай с лимоном и горной мятой, 0,5 л, ПЭТ",MOUNTEA,ГК ПД «Бавария»,Холодный чай,carried from site-approved,"0,5 л",ПЭТ,Черный чай с лимоном и горной мятой,,,,https://www.bavaria-group.ru/beer-product/linejka-naturalnyh-napitkov-mountea-botanic,https://www.bavaria-group.ru/files/beer_items/135_1783424099.jpg,,new,high,carried-forward site-approved after PDF visual merge of soft-drink lines,Previous site-approved SKU retained; not contradicted by PDF,site,shared-line-image,,site,
BAVARIA-MOUNTEA-CHERNYY-CHAY-S-LIMONOM-I-GORN-330-CAN,Линейка натуральных напитков MOUNTEA botanic,"Холодный чай MOUNTEA botanic Черный чай с лимоном и горной мятой, 0,33 л, банка",MOUNTEA,ГК ПД «Бавария»,Холодный чай,carried from site-approved,"0,33 л",банка,Черный чай с лимоном и горной мятой,,,,https://www.bavaria-group.ru/beer-product/linejka-naturalnyh-napitkov-mountea-botanic,https://www.bavaria-group.ru/files/beer_items/135_1783424099.jpg,,new,high,carried-forward site-approved after PDF visual merge of soft-drink lines,Previous site-approved SKU retained; not contradicted by PDF,site,shared-line-image,,site,
BAVARIA-MOUNTEA-ZELENYY-CHAY-S-MANGO-I-ROMAS-1000-PET,Линейка натуральных напитков MOUNTEA botanic,"Холодный чай MOUNTEA botanic Зеленый чай с манго и ромашкой, 1 л, ПЭТ",MOUNTEA,ГК ПД «Бавария»,Холодный чай,carried from site-approved,1 л,ПЭТ,Зеленый чай с манго и ромашкой,,,,https://www.bavaria-group.ru/beer-product/linejka-naturalnyh-napitkov-mountea-botanic,https://www.bavaria-group.ru/files/beer_items/135_1783424099.jpg,,new,high,carried-forward site-approved after PDF visual merge of soft-drink lines,Previous site-approved SKU retained; not contradicted by PDF,site,shared-line-image,,site,
BAVARIA-MOUNTEA-ZELENYY-CHAY-S-MANGO-I-ROMASH-500-PET,Линейка натуральных напитков MOUNTEA botanic,"Холодный чай MOUNTEA botanic Зеленый чай с манго и ромашкой, 0,5 л, ПЭТ",MOUNTEA,ГК ПД «Бавария»,Холодный чай,carried from site-approved,"0,5 л",ПЭТ,Зеленый чай с манго и ромашкой,,,,https://www.bavaria-group.ru/beer-product/linejka-naturalnyh-napitkov-mountea-botanic,https://www.bavaria-group.ru/files/beer_items/135_1783424099.jpg,,new,high,carried-forward site-approved after PDF visual merge of soft-drink lines,Previous site-approved SKU retained; not contradicted by PDF,site,shared-line-image,,site,
BAVARIA-MOUNTEA-ZELENYY-CHAY-S-MANGO-I-ROMASH-330-CAN,Линейка натуральных напитков MOUNTEA botanic,"Холодный чай MOUNTEA botanic Зеленый чай с манго и ромашкой, 0,33 л, банка",MOUNTEA,ГК ПД «Бавария»,Холодный чай,carried from site-approved,"0,33 л",банка,Зеленый чай с манго и ромашкой,,,,https://www.bavaria-group.ru/beer-product/linejka-naturalnyh-napitkov-mountea-botanic,https://www.bavaria-group.ru/files/beer_items/135_1783424099.jpg,,new,high,carried-forward site-approved after PDF visual merge of soft-drink lines,Previous site-approved SKU retained; not contradicted by PDF,site,shared-line-image,,site,
BAVARIA-MOUNTEA-CHERNYY-CHAY-S-MALINOY-I-GIB-1000-PET,Линейка натуральных напитков MOUNTEA botanic,"Холодный чай MOUNTEA botanic Черный чай с малиной и гибискусом, 1 л, ПЭТ",MOUNTEA,ГК ПД «Бавария»,Холодный чай,carried from site-approved,1 л,ПЭТ,Черный чай с малиной и гибискусом,,,,https://www.bavaria-group.ru/beer-product/linejka-naturalnyh-napitkov-mountea-botanic,https://www.bavaria-group.ru/files/beer_items/135_1783424099.jpg,,new,high,carried-forward site-approved after PDF visual merge of soft-drink lines,Previous site-approved SKU retained; not contradicted by PDF,site,shared-line-image,,site,
BAVARIA-MOUNTEA-CHERNYY-CHAY-S-MALINOY-I-GIBI-500-PET,Линейка натуральных напитков MOUNTEA botanic,"Холодный чай MOUNTEA botanic Черный чай с малиной и гибискусом, 0,5 л, ПЭТ",MOUNTEA,ГК ПД «Бавария»,Холодный чай,carried from site-approved,"0,5 л",ПЭТ,Черный чай с малиной и гибискусом,,,,https://www.bavaria-group.ru/beer-product/linejka-naturalnyh-napitkov-mountea-botanic,https://www.bavaria-group.ru/files/beer_items/135_1783424099.jpg,,new,high,carried-forward site-approved after PDF visual merge of soft-drink lines,Previous site-approved SKU retained; not contradicted by PDF,site,shared-line-image,,site,
BAVARIA-MOUNTEA-CHERNYY-CHAY-S-MALINOY-I-GIBI-330-CAN,Линейка натуральных напитков MOUNTEA botanic,"Холодный чай MOUNTEA botanic Черный чай с малиной и гибискусом, 0,33 л, банка",MOUNTEA,ГК ПД «Бавария»,Холодный чай,carried from site-approved,"0,33 л",банка,Черный чай с малиной и гибискусом,,,,https://www.bavaria-group.ru/beer-product/linejka-naturalnyh-napitkov-mountea-botanic,https://www.bavaria-group.ru/files/beer_items/135_1783424099.jpg,,new,high,carried-forward site-approved after PDF visual merge of soft-drink lines,Previous site-approved SKU retained; not contradicted by PDF,site,shared-line-image,,site,
BAVARIA-TBAU-GORNAA-RODNIKOVAA-VODA-TBAU-5000-PET,Горная родниковая вода «ТБАУ Детская»,"Вода питьевая TBAU, 5 л, ПЭТ",TBAU,ГК ПД «Бавария»,Питьевая вода,TBAU / горная родниковая питьевая вода,5 л,ПЭТ,,,,,https://www.bavaria-group.ru/beer-product/gornaa-rodnikovaa-voda-tbau-detskaa,https://www.bavaria-group.ru/files/beer_items/30_1758714960.png,/workspace/artifacts/bavaria-import/2026-07-31T10-52-18-371Z/images/bavaria-tbau-gornaya-rodnikovaya-5-l-pet.png,new,high,carried-forward site-approved after PDF visual merge of soft-drink lines,Previous site-approved SKU retained; not contradicted by PDF,site/dry-run,shared-line-image,,site,p.32/37/38
BAVARIA-TBAU-GORNAA-RODNIKOVAA-VODA-TBAU-1500-PET,Горная родниковая вода «ТБАУ Детская»,"Вода питьевая TBAU, 1,5 л, ПЭТ",TBAU,ГК ПД «Бавария»,Питьевая вода,TBAU / горная родниковая питьевая вода,"1,5 л",ПЭТ,,,,,https://www.bavaria-group.ru/beer-product/gornaa-rodnikovaa-voda-tbau-detskaa,https://www.bavaria-group.ru/files/beer_items/30_1758714960.png,/workspace/artifacts/bavaria-import/2026-07-31T10-52-18-371Z/images/bavaria-tbau-gornaya-rodnikovaya-5-l-pet.png,new,high,carried-forward site-approved after PDF visual merge of soft-drink lines,Previous site-approved SKU retained; not contradicted by PDF,site/dry-run,shared-line-image,,site,p.32/37/38
BAVARIA-TBAU-GORNAA-RODNIKOVAA-VODA-TBAU-D-500-PET,Горная родниковая вода «ТБАУ Детская»,"Вода питьевая TBAU, 0,5 л, ПЭТ",TBAU,ГК ПД «Бавария»,Питьевая вода,TBAU / горная родниковая питьевая вода,"0,5 л",ПЭТ,,,,,https://www.bavaria-group.ru/beer-product/gornaa-rodnikovaa-voda-tbau-detskaa,https://www.bavaria-group.ru/files/beer_items/30_1758714960.png,/workspace/artifacts/bavaria-import/2026-07-31T10-52-18-371Z/images/bavaria-tbau-gornaya-rodnikovaya-5-l-pet.png,new,high,carried-forward site-approved after PDF visual merge of soft-drink lines,Previous site-approved SKU retained; not contradicted by PDF,site/dry-run,shared-line-image,,site,p.32/37/38
BAVARIA-TBAU-GORNAA-RODNIKOVAA-VODA-TBAU-D-330-PET,Горная родниковая вода «ТБАУ Детская»,"Вода питьевая TBAU, 0,33 л, ПЭТ",TBAU,ГК ПД «Бавария»,Питьевая вода,TBAU / горная родниковая питьевая вода,"0,33 л",ПЭТ,,,,,https://www.bavaria-group.ru/beer-product/gornaa-rodnikovaa-voda-tbau-detskaa,https://www.bavaria-group.ru/files/beer_items/30_1758714960.png,/workspace/artifacts/bavaria-import/2026-07-31T10-52-18-371Z/images/bavaria-tbau-gornaya-rodnikovaya-5-l-pet.png,new,high,carried-forward site-approved after PDF visual merge of soft-drink lines,Previous site-approved SKU retained; not contradicted by PDF,site/dry-run,shared-line-image,,site,p.32/37/38
BAVARIA-GORNAYA-VODA-GORNAA-VODA-GAZIROVANNAYA-500-PET,«Горная вода»,"Вода питьевая Горная вода газированная, 0,5 л, ПЭТ",Горная вода,ГК ПД «Бавария»,Питьевая вода,Питьевая вода,"0,5 л",ПЭТ,,газированная,,,https://www.bavaria-group.ru/beer-product/gornaa-voda,https://www.bavaria-group.ru/files/beer_items/82_1757514706.jpg,/workspace/artifacts/bavaria-import/2026-07-31T10-52-18-371Z/images/bavaria-gornaya-voda-gornaya-voda-0-5-l-pet.jpg,new,medium,carried-forward site-approved after PDF visual merge of soft-drink lines,Previous site-approved SKU retained; not contradicted by PDF,site/dry-run,shared-line-image,,site,
BAVARIA-GORNAYA-VODA-GORNAA-VODA-NEGAZIROVANNAYA-500-PET,«Горная вода»,"Вода питьевая Горная вода негазированная, 0,5 л, ПЭТ",Горная вода,ГК ПД «Бавария»,Питьевая вода,Питьевая вода,"0,5 л",ПЭТ,,негазированная,,,https://www.bavaria-group.ru/beer-product/gornaa-voda,https://www.bavaria-group.ru/files/beer_items/82_1757514706.jpg,/workspace/artifacts/bavaria-import/2026-07-31T10-52-18-371Z/images/bavaria-gornaya-voda-gornaya-voda-0-5-l-pet.jpg,new,medium,carried-forward site-approved after PDF visual merge of soft-drink lines,Previous site-approved SKU retained; not contradicted by PDF,site/dry-run,shared-line-image,,site,
BAVARIA-GORNAYA-VODA-GORNAA-VODA-GAZIROVANNAYA-450-GLASS,«Горная вода»,"Вода питьевая Горная вода газированная, 0,45 л, стекло",Горная вода,ГК ПД «Бавария»,Питьевая вода,Питьевая вода,"0,45 л",стекло,,газированная,,,https://www.bavaria-group.ru/beer-product/gornaa-voda,https://www.bavaria-group.ru/files/beer_items/83_1726217046.png,/workspace/artifacts/bavaria-import/2026-07-31T10-52-18-371Z/images/bavaria-gornaya-voda-gornaya-voda-0-45-l-steklo.png,new,medium,carried-forward site-approved after PDF visual merge of soft-drink lines,Previous site-approved SKU retained; not contradicted by PDF,site/dry-run,shared-line-image,,site,
BAVARIA-GORNAYA-VODA-GORNAA-VODA-NEGAZIROVANNAYA-450-GLASS,«Горная вода»,"Вода питьевая Горная вода негазированная, 0,45 л, стекло",Горная вода,ГК ПД «Бавария»,Питьевая вода,Питьевая вода,"0,45 л",стекло,,негазированная,,,https://www.bavaria-group.ru/beer-product/gornaa-voda,https://www.bavaria-group.ru/files/beer_items/83_1726217046.png,/workspace/artifacts/bavaria-import/2026-07-31T10-52-18-371Z/images/bavaria-gornaya-voda-gornaya-voda-0-45-l-steklo.png,new,medium,carried-forward site-approved after PDF visual merge of soft-drink lines,Previous site-approved SKU retained; not contradicted by PDF,site/dry-run,shared-line-image,,site,
BAVARIA-GORNAYA-VODA-GORNAA-VODA-GAZIROVANNAYA-1500-PET,«Горная вода»,"Вода питьевая Горная вода газированная, 1,5 л, ПЭТ",Горная вода,ГК ПД «Бавария»,Питьевая вода,Питьевая вода,"1,5 л",ПЭТ,,газированная,,,https://www.bavaria-group.ru/beer-product/gornaa-voda,https://www.bavaria-group.ru/files/beer_items/84_1726217054.png,/workspace/artifacts/bavaria-import/2026-07-31T10-52-18-371Z/images/bavaria-gornaya-voda-gornaya-voda-1-5-l-pet.png,new,medium,carried-forward site-approved after PDF visual merge of soft-drink lines,Previous site-approved SKU retained; not contradicted by PDF,site/dry-run,shared-line-image,,site,
BAVARIA-GORNAYA-VODA-GORNAA-VODA-NEGAZIROVANNAYA-1500-PET,«Горная вода»,"Вода питьевая Горная вода негазированная, 1,5 л, ПЭТ",Горная вода,ГК ПД «Бавария»,Питьевая вода,Питьевая вода,"1,5 л",ПЭТ,,негазированная,,,https://www.bavaria-group.ru/beer-product/gornaa-voda,https://www.bavaria-group.ru/files/beer_items/84_1726217054.png,/workspace/artifacts/bavaria-import/2026-07-31T10-52-18-371Z/images/bavaria-gornaya-voda-gornaya-voda-1-5-l-pet.png,new,medium,carried-forward site-approved after PDF visual merge of soft-drink lines,Previous site-approved SKU retained; not contradicted by PDF,site/dry-run,shared-line-image,,site,
BAVARIA-TBAU-TBAU-NEGAZIROVANNAYA-GAZIRO-19000-PET,Питьевая вода для кулеров,"Вода питьевая TBAU «ТБАУ» негазированная газированная, 19 л, ПЭТ",TBAU,ГК ПД «Бавария»,Питьевая вода,TBAU / горная родниковая питьевая вода,19 л,ПЭТ,«ТБАУ» негазированная,газированная,,,https://www.bavaria-group.ru/beer-product/pitevaa-voda-dla-kulerov,https://www.bavaria-group.ru/files/beer_items/33_1716877500.jpg,/workspace/artifacts/bavaria-import/2026-07-31T10-52-18-371Z/images/bavaria-tbau-tbau-negazirovannaya-19-l-pet.jpg,new,medium,carried-forward site-approved after PDF visual merge of soft-drink lines,Previous site-approved SKU retained; not contradicted by PDF,site cooler assortment,shared-line-image,,site,p.32/37/38
BAVARIA-TBAU-TBAU-NEGAZIROVANNAYA-NEGAZI-19000-PET,Питьевая вода для кулеров,"Вода питьевая TBAU «ТБАУ» негазированная негазированная, 19 л, ПЭТ",TBAU,ГК ПД «Бавария»,Питьевая вода,TBAU / горная родниковая питьевая вода,19 л,ПЭТ,«ТБАУ» негазированная,негазированная,,,https://www.bavaria-group.ru/beer-product/pitevaa-voda-dla-kulerov,https://www.bavaria-group.ru/files/beer_items/33_1716877500.jpg,/workspace/artifacts/bavaria-import/2026-07-31T10-52-18-371Z/images/bavaria-tbau-tbau-negazirovannaya-19-l-pet.jpg,new,medium,carried-forward site-approved after PDF visual merge of soft-drink lines,Previous site-approved SKU retained; not contradicted by PDF,site cooler assortment,shared-line-image,,site,p.32/37/38
BAVARIA-KAZBEK-AQUA-ZAGOLOVOK-PRODUKTA-1500-PET,Минеральная лечебно-столовая вода «Казбек-Аква»,"Вода минеральная Kazbek-Aqua, 1,5 л, ПЭТ",Kazbek-Aqua,ГК ПД «Бавария»,Минеральная вода,Kazbek-Aqua / минеральная лечебно-столовая вода,"1,5 л",ПЭТ,,,,,https://www.bavaria-group.ru/beer-product/zagolovok-produkta,https://www.bavaria-group.ru/files/beer_items/3_1718376836.jpg,/workspace/artifacts/bavaria-import/2026-07-31T10-52-18-371Z/images/bavaria-kazbek-aqua-mineralnaya-lechebno-1-5-l-pet.jpg,new,high,carried-forward site-approved after PDF visual merge of soft-drink lines,Previous site-approved SKU retained; not contradicted by PDF,site/dry-run,shared-line-image,,site,
BAVARIA-KAZBEK-AQUA-ZAGOLOVOK-PRODUKTA-500-PET,Минеральная лечебно-столовая вода «Казбек-Аква»,"Вода минеральная Kazbek-Aqua, 0,5 л, ПЭТ",Kazbek-Aqua,ГК ПД «Бавария»,Минеральная вода,Kazbek-Aqua / минеральная лечебно-столовая вода,"0,5 л",ПЭТ,,,,,https://www.bavaria-group.ru/beer-product/zagolovok-produkta,https://www.bavaria-group.ru/files/beer_items/3_1718376836.jpg,/workspace/artifacts/bavaria-import/2026-07-31T10-52-18-371Z/images/bavaria-kazbek-aqua-mineralnaya-lechebno-1-5-l-pet.jpg,new,high,carried-forward site-approved after PDF visual merge of soft-drink lines,Previous site-approved SKU retained; not contradicted by PDF,site/dry-run,shared-line-image,,site,
BAVARIA-KAZBEK-AQUA-ZAGOLOVOK-PRODUKTA-330-GLASS,Минеральная лечебно-столовая вода «Казбек-Аква»,"Вода минеральная Kazbek-Aqua, 0,33 л, стекло",Kazbek-Aqua,ГК ПД «Бавария»,Минеральная вода,Kazbek-Aqua / минеральная лечебно-столовая вода,"0,33 л",стекло,,,,,https://www.bavaria-group.ru/beer-product/zagolovok-produkta,https://www.bavaria-group.ru/files/beer_items/3_1718376836.jpg,/workspace/artifacts/bavaria-import/2026-07-31T10-52-18-371Z/images/bavaria-kazbek-aqua-mineralnaya-lechebno-1-5-l-pet.jpg,new,high,carried-forward site-approved after PDF visual merge of soft-drink lines,Previous site-approved SKU retained; not contradicted by PDF,site/dry-run,shared-line-image,,site,
BAVARIA-TBAU-CLASSIC-GAZIROVANNAYA-500-PET,Горная родниковая вода «ТБАУ»,"Вода питьевая TBAU газированная, 0,5 л, ПЭТ",TBAU,ГК ПД «Бавария»,Питьевая вода,TBAU / горная родниковая питьевая вода,"0,5 л",ПЭТ,,газированная,,,https://www.bavaria-group.ru/beer-product/zagolovok-produkta-2,https://www.bavaria-group.ru/files/beer_items/4_1758714938.png,/workspace/artifacts/bavaria-import/2026-07-31T10-52-18-371Z/images/bavaria-tbau-gornaya-rodnikovaya-0-5-l-pet.png,new,high,carried-forward site-approved after PDF visual merge of soft-drink lines,Previous site-approved SKU retained; not contradicted by PDF,site/dry-run,shared-line-image,,site,p.32/37/38
BAVARIA-TBAU-CLASSIC-NEGAZIROVANNAYA-500-PET,Горная родниковая вода «ТБАУ»,"Вода питьевая TBAU негазированная, 0,5 л, ПЭТ",TBAU,ГК ПД «Бавария»,Питьевая вода,TBAU / горная родниковая питьевая вода,"0,5 л",ПЭТ,,негазированная,,,https://www.bavaria-group.ru/beer-product/zagolovok-produkta-2,https://www.bavaria-group.ru/files/beer_items/4_1758714938.png,/workspace/artifacts/bavaria-import/2026-07-31T10-52-18-371Z/images/bavaria-tbau-gornaya-rodnikovaya-0-5-l-pet.png,new,high,carried-forward site-approved after PDF visual merge of soft-drink lines,Previous site-approved SKU retained; not contradicted by PDF,site/dry-run,shared-line-image,,site,p.32/37/38
BAVARIA-TBAU-CLASSIC-GAZIROVANNAYA-1000-PET,Горная родниковая вода «ТБАУ»,"Вода питьевая TBAU газированная, 1 л, ПЭТ",TBAU,ГК ПД «Бавария»,Питьевая вода,TBAU / горная родниковая питьевая вода,1 л,ПЭТ,,газированная,,,https://www.bavaria-group.ru/beer-product/zagolovok-produkta-2,https://www.bavaria-group.ru/files/beer_items/4_1758714938.png,/workspace/artifacts/bavaria-import/2026-07-31T10-52-18-371Z/images/bavaria-tbau-gornaya-rodnikovaya-0-5-l-pet.png,new,high,carried-forward site-approved after PDF visual merge of soft-drink lines,Previous site-approved SKU retained; not contradicted by PDF,site/dry-run,shared-line-image,,site,p.32/37/38
BAVARIA-TBAU-CLASSIC-NEGAZIROVANNAYA-1000-PET,Горная родниковая вода «ТБАУ»,"Вода питьевая TBAU негазированная, 1 л, ПЭТ",TBAU,ГК ПД «Бавария»,Питьевая вода,TBAU / горная родниковая питьевая вода,1 л,ПЭТ,,негазированная,,,https://www.bavaria-group.ru/beer-product/zagolovok-produkta-2,https://www.bavaria-group.ru/files/beer_items/4_1758714938.png,/workspace/artifacts/bavaria-import/2026-07-31T10-52-18-371Z/images/bavaria-tbau-gornaya-rodnikovaya-0-5-l-pet.png,new,high,carried-forward site-approved after PDF visual merge of soft-drink lines,Previous site-approved SKU retained; not contradicted by PDF,site/dry-run,shared-line-image,,site,p.32/37/38
BAVARIA-TBAU-CLASSIC-GAZIROVANNAYA-1500-PET,Горная родниковая вода «ТБАУ»,"Вода питьевая TBAU газированная, 1,5 л, ПЭТ",TBAU,ГК ПД «Бавария»,Питьевая вода,TBAU / горная родниковая питьевая вода,"1,5 л",ПЭТ,,газированная,,,https://www.bavaria-group.ru/beer-product/zagolovok-produkta-2,https://www.bavaria-group.ru/files/beer_items/4_1758714938.png,/workspace/artifacts/bavaria-import/2026-07-31T10-52-18-371Z/images/bavaria-tbau-gornaya-rodnikovaya-0-5-l-pet.png,new,high,carried-forward site-approved after PDF visual merge of soft-drink lines,Previous site-approved SKU retained; not contradicted by PDF,site/dry-run,shared-line-image,,site,p.32/37/38
BAVARIA-TBAU-CLASSIC-NEGAZIROVANNAYA-1500-PET,Горная родниковая вода «ТБАУ»,"Вода питьевая TBAU негазированная, 1,5 л, ПЭТ",TBAU,ГК ПД «Бавария»,Питьевая вода,TBAU / горная родниковая питьевая вода,"1,5 л",ПЭТ,,негазированная,,,https://www.bavaria-group.ru/beer-product/zagolovok-produkta-2,https://www.bavaria-group.ru/files/beer_items/4_1758714938.png,/workspace/artifacts/bavaria-import/2026-07-31T10-52-18-371Z/images/bavaria-tbau-gornaya-rodnikovaya-0-5-l-pet.png,new,high,carried-forward site-approved after PDF visual merge of soft-drink lines,Previous site-approved SKU retained; not contradicted by PDF,site/dry-run,shared-line-image,,site,p.32/37/38
BAVARIA-TBAU-CLASSIC-GAZIROVANNAYA-5000-PET,Горная родниковая вода «ТБАУ»,"Вода питьевая TBAU газированная, 5 л, ПЭТ",TBAU,ГК ПД «Бавария»,Питьевая вода,TBAU / горная родниковая питьевая вода,5 л,ПЭТ,,газированная,,,https://www.bavaria-group.ru/beer-product/zagolovok-produkta-2,https://www.bavaria-group.ru/files/beer_items/4_1758714938.png,/workspace/artifacts/bavaria-import/2026-07-31T10-52-18-371Z/images/bavaria-tbau-gornaya-rodnikovaya-0-5-l-pet.png,new,high,carried-forward site-approved after PDF visual merge of soft-drink lines,Previous site-approved SKU retained; not contradicted by PDF,site/dry-run,shared-line-image,,site,p.32/37/38
BAVARIA-TBAU-CLASSIC-NEGAZIROVANNAYA-5000-PET,Горная родниковая вода «ТБАУ»,"Вода питьевая TBAU негазированная, 5 л, ПЭТ",TBAU,ГК ПД «Бавария»,Питьевая вода,TBAU / горная родниковая питьевая вода,5 л,ПЭТ,,негазированная,,,https://www.bavaria-group.ru/beer-product/zagolovok-produkta-2,https://www.bavaria-group.ru/files/beer_items/4_1758714938.png,/workspace/artifacts/bavaria-import/2026-07-31T10-52-18-371Z/images/bavaria-tbau-gornaya-rodnikovaya-0-5-l-pet.png,new,high,carried-forward site-approved after PDF visual merge of soft-drink lines,Previous site-approved SKU retained; not contradicted by PDF,site/dry-run,shared-line-image,,site,p.32/37/38
BAVARIA-TBAU-CLASSIC-GAZIROVANNAYA-19000-PET,Горная родниковая вода «ТБАУ»,"Вода питьевая TBAU газированная, 19 л, ПЭТ",TBAU,ГК ПД «Бавария»,Питьевая вода,TBAU / горная родниковая питьевая вода,19 л,ПЭТ,,газированная,,,https://www.bavaria-group.ru/beer-product/zagolovok-produkta-2,https://www.bavaria-group.ru/files/beer_items/4_1758714938.png,/workspace/artifacts/bavaria-import/2026-07-31T10-52-18-371Z/images/bavaria-tbau-gornaya-rodnikovaya-0-5-l-pet.png,new,medium,carried-forward site-approved after PDF visual merge of soft-drink lines,Previous site-approved SKU retained; not contradicted by PDF,site cooler assortment,shared-line-image,,site,p.32/37/38
BAVARIA-TBAU-CLASSIC-NEGAZIROVANNAYA-19000-PET,Горная родниковая вода «ТБАУ»,"Вода питьевая TBAU негазированная, 19 л, ПЭТ",TBAU,ГК ПД «Бавария»,Питьевая вода,TBAU / горная родниковая питьевая вода,19 л,ПЭТ,,негазированная,,,https://www.bavaria-group.ru/beer-product/zagolovok-produkta-2,https://www.bavaria-group.ru/files/beer_items/4_1758714938.png,/workspace/artifacts/bavaria-import/2026-07-31T10-52-18-371Z/images/bavaria-tbau-gornaya-rodnikovaya-0-5-l-pet.png,new,medium,carried-forward site-approved after PDF visual merge of soft-drink lines,Previous site-approved SKU retained; not contradicted by PDF,site cooler assortment,shared-line-image,,site,p.32/37/38
BAVARIA-TBAU-PREMIUM-GAZIROVANNAYA-330-GLASS,Горная родниковая вода «ТБАУ»,"Вода питьевая TBAU Premium газированная, 0,33 л, стекло",TBAU,ГК ПД «Бавария»,Питьевая вода,TBAU / горная родниковая питьевая вода,"0,33 л",стекло,Premium,газированная,,,https://www.bavaria-group.ru/beer-product/zagolovok-produkta-2,https://www.bavaria-group.ru/files/beer_items/4_1758714938.png,/workspace/artifacts/bavaria-import/2026-07-31T10-52-18-371Z/images/bavaria-tbau-gornaya-rodnikovaya-0-5-l-pet.png,new,high,carried-forward site-approved after PDF visual merge of soft-drink lines,Previous site-approved SKU retained; not contradicted by PDF,site/dry-run,shared-line-image,,site,p.32/37/38
BAVARIA-TBAU-PREMIUM-NEGAZIROVANNAYA-330-GLASS,Горная родниковая вода «ТБАУ»,"Вода питьевая TBAU Premium негазированная, 0,33 л, стекло",TBAU,ГК ПД «Бавария»,Питьевая вода,TBAU / горная родниковая питьевая вода,"0,33 л",стекло,Premium,негазированная,,,https://www.bavaria-group.ru/beer-product/zagolovok-produkta-2,https://www.bavaria-group.ru/files/beer_items/4_1758714938.png,/workspace/artifacts/bavaria-import/2026-07-31T10-52-18-371Z/images/bavaria-tbau-gornaya-rodnikovaya-0-5-l-pet.png,new,high,carried-forward site-approved after PDF visual merge of soft-drink lines,Previous site-approved SKU retained; not contradicted by PDF,site/dry-run,shared-line-image,,site,p.32/37/38
BAVARIA-TBAU-PREMIUM-GAZIROVANNAYA-450-GLASS,Горная родниковая вода «ТБАУ»,"Вода питьевая TBAU Premium газированная, 0,45 л, стекло",TBAU,ГК ПД «Бавария»,Питьевая вода,TBAU / горная родниковая питьевая вода,"0,45 л",стекло,Premium,газированная,,,https://www.bavaria-group.ru/beer-product/zagolovok-produkta-2,https://www.bavaria-group.ru/files/beer_items/4_1758714938.png,/workspace/artifacts/bavaria-import/2026-07-31T10-52-18-371Z/images/bavaria-tbau-gornaya-rodnikovaya-0-5-l-pet.png,new,high,carried-forward site-approved after PDF visual merge of soft-drink lines,Previous site-approved SKU retained; not contradicted by PDF,site/dry-run,shared-line-image,,site,p.32/37/38
BAVARIA-TBAU-PREMIUM-NEGAZIROVANNAYA-450-GLASS,Горная родниковая вода «ТБАУ»,"Вода питьевая TBAU Premium негазированная, 0,45 л, стекло",TBAU,ГК ПД «Бавария»,Питьевая вода,TBAU / горная родниковая питьевая вода,"0,45 л",стекло,Premium,негазированная,,,https://www.bavaria-group.ru/beer-product/zagolovok-produkta-2,https://www.bavaria-group.ru/files/beer_items/4_1758714938.png,/workspace/artifacts/bavaria-import/2026-07-31T10-52-18-371Z/images/bavaria-tbau-gornaya-rodnikovaya-0-5-l-pet.png,new,high,carried-forward site-approved after PDF visual merge of soft-drink lines,Previous site-approved SKU retained; not contradicted by PDF,site/dry-run,shared-line-image,,site,p.32/37/38
BAVARIA-TBAU-PREMIUM-GAZIROVANNAYA-500-GLASS,Горная родниковая вода «ТБАУ»,"Вода питьевая TBAU Premium газированная, 0,5 л, стекло",TBAU,ГК ПД «Бавария»,Питьевая вода,TBAU / горная родниковая питьевая вода,"0,5 л",стекло,Premium,газированная,,,https://www.bavaria-group.ru/beer-product/zagolovok-produkta-2,https://www.bavaria-group.ru/files/beer_items/4_1758714938.png,/workspace/artifacts/bavaria-import/2026-07-31T10-52-18-371Z/images/bavaria-tbau-gornaya-rodnikovaya-0-5-l-pet.png,new,high,carried-forward site-approved after PDF visual merge of soft-drink lines,Previous site-approved SKU retained; not contradicted by PDF,site/dry-run,shared-line-image,,site,p.32/37/38
BAVARIA-TBAU-PREMIUM-NEGAZIROVANNAYA-500-GLASS,Горная родниковая вода «ТБАУ»,"Вода питьевая TBAU Premium негазированная, 0,5 л, стекло",TBAU,ГК ПД «Бавария»,Питьевая вода,TBAU / горная родниковая питьевая вода,"0,5 л",стекло,Premium,негазированная,,,https://www.bavaria-group.ru/beer-product/zagolovok-produkta-2,https://www.bavaria-group.ru/files/beer_items/4_1758714938.png,/workspace/artifacts/bavaria-import/2026-07-31T10-52-18-371Z/images/bavaria-tbau-gornaya-rodnikovaya-0-5-l-pet.png,new,high,carried-forward site-approved after PDF visual merge of soft-drink lines,Previous site-approved SKU retained; not contradicted by PDF,site/dry-run,shared-line-image,,site,p.32/37/38
BAVARIA-AVARAL-AVARAL-450-GLASS,«Аварал»,"Вода питьевая Аварал, 0,45 л, стекло",Аварал,ГК ПД «Бавария»,Питьевая вода,СТМ горная родниковая вода (описание карточки),"0,45 л",стекло,Аварал,,,,https://www.bavaria-group.ru/beer-product/avaral,https://www.bavaria-group.ru/files/beer_items/94_1726237103.png,,new,high,carried-forward site-approved after PDF visual merge of soft-drink lines,Previous site-approved SKU retained; not contradicted by PDF,site description + pack,exact,,site,
BAVARIA-AYVA-AYVA-STILL-500-GLASS,«Айва»,"Вода питьевая Айва негазированная, 0,5 л, стекло",Айва,ГК ПД «Бавария»,Питьевая вода,СТМ вода Premium негазированная (уточнить бренд-категорию при apply),"0,5 л",стекло,Айва,негазированная,,,https://www.bavaria-group.ru/beer-product/ajva,https://www.bavaria-group.ru/files/beer_items/93_1726236498.png,,new,medium,carried-forward site-approved after PDF visual merge of soft-drink lines,Previous site-approved SKU retained; not contradicted by PDF,site,shared-line-image,,site,
BAVARIA-AYVA-AYVA-STILL-500-PET,«Айва»,"Вода питьевая Айва негазированная, 0,5 л, ПЭТ",Айва,ГК ПД «Бавария»,Питьевая вода,СТМ вода Premium негазированная (уточнить бренд-категорию при apply),"0,5 л",ПЭТ,Айва,негазированная,,,https://www.bavaria-group.ru/beer-product/ajva,https://www.bavaria-group.ru/files/beer_items/93_1726236498.png,,new,medium,carried-forward site-approved after PDF visual merge of soft-drink lines,Previous site-approved SKU retained; not contradicted by PDF,site,shared-line-image,,site,
BAVARIA-VKUSVILL-GAZIROVANNAYA-500-PET,«ВкусВилл»,"Вода питьевая ВкусВилл газированная, 0,5 л, ПЭТ",TBAU,ГК ПД «Бавария»,Питьевая вода,carried from site-approved,"0,5 л",ПЭТ,ВкусВилл,газированная,,,https://www.bavaria-group.ru/beer-product/tbau,https://www.bavaria-group.ru/files/beer_items/112_1757512632.jpg,,new,medium,carried-forward site-approved after PDF visual merge of soft-drink lines,Previous site-approved SKU retained; not contradicted by PDF,site,exact,,site,p.32/37/38
BAVARIA-VKUSVILL-NEGAZIROVANNAYA-500-PET,«ВкусВилл»,"Вода питьевая ВкусВилл негазированная, 0,5 л, ПЭТ",TBAU,ГК ПД «Бавария»,Питьевая вода,carried from site-approved,"0,5 л",ПЭТ,ВкусВилл,негазированная,,,https://www.bavaria-group.ru/beer-product/tbau,https://www.bavaria-group.ru/files/beer_items/112_1757512632.jpg,,new,medium,carried-forward site-approved after PDF visual merge of soft-drink lines,Previous site-approved SKU retained; not contradicted by PDF,site,exact,,site,p.32/37/38
BAVARIA-F-SLIVA-1500-PET,Сокосодержащий напиток «Ф»,"Напиток сокосодержащий Ф Слива, 1,5 л, ПЭТ",Бавария,ГК ПД «Бавария»,Газированные напитки,Сокосодержащий напиток; отдельной категории соков нет — газированные/другие на усмотрение; оставляем газированные как closest soft drink,"1,5 л",ПЭТ,Слива,,,,https://www.bavaria-group.ru/beer-product/sokosoderzasij-napitok-f,https://www.bavaria-group.ru/files/beer_items/59_1664459231.png,,new,high,carried-forward site-approved after PDF visual merge of soft-drink lines,Previous site-approved SKU retained; not contradicted by PDF,site,shared-line-image,,site,
BAVARIA-F-MULTIFRUKT-1500-PET,Сокосодержащий напиток «Ф»,"Напиток сокосодержащий Ф Мультифрукт, 1,5 л, ПЭТ",Бавария,ГК ПД «Бавария»,Газированные напитки,Сокосодержащий напиток; отдельной категории соков нет — газированные/другие на усмотрение; оставляем газированные как closest soft drink,"1,5 л",ПЭТ,Мультифрукт,,,,https://www.bavaria-group.ru/beer-product/sokosoderzasij-napitok-f,https://www.bavaria-group.ru/files/beer_items/59_1664459231.png,,new,high,carried-forward site-approved after PDF visual merge of soft-drink lines,Previous site-approved SKU retained; not contradicted by PDF,site,shared-line-image,,site,
BAVARIA-F-MANGOSTIN-1500-PET,Сокосодержащий напиток «Ф»,"Напиток сокосодержащий Ф Мангостин, 1,5 л, ПЭТ",Бавария,ГК ПД «Бавария»,Газированные напитки,Сокосодержащий напиток; отдельной категории соков нет — газированные/другие на усмотрение; оставляем газированные как closest soft drink,"1,5 л",ПЭТ,Мангостин,,,,https://www.bavaria-group.ru/beer-product/sokosoderzasij-napitok-f,https://www.bavaria-group.ru/files/beer_items/59_1664459231.png,,new,high,carried-forward site-approved after PDF visual merge of soft-drink lines,Previous site-approved SKU retained; not contradicted by PDF,site,shared-line-image,,site,
BAVARIA-F-MULTIFRUKT-500-PET,Сокосодержащий напиток «Ф»,"Напиток сокосодержащий Ф Мультифрукт, 0,5 л, ПЭТ",Бавария,ГК ПД «Бавария»,Газированные напитки,Сокосодержащий напиток; отдельной категории соков нет — газированные/другие на усмотрение; оставляем газированные как closest soft drink,"0,5 л",ПЭТ,Мультифрукт,,,,https://www.bavaria-group.ru/beer-product/sokosoderzasij-napitok-f,https://www.bavaria-group.ru/files/beer_items/69_1664459351.png,,new,high,carried-forward site-approved after PDF visual merge of soft-drink lines,Previous site-approved SKU retained; not contradicted by PDF,site,shared-line-image,,site,
BAVARIA-F-MANGOSTIN-500-PET,Сокосодержащий напиток «Ф»,"Напиток сокосодержащий Ф Мангостин, 0,5 л, ПЭТ",Бавария,ГК ПД «Бавария»,Газированные напитки,Сокосодержащий напиток; отдельной категории соков нет — газированные/другие на усмотрение; оставляем газированные как closest soft drink,"0,5 л",ПЭТ,Мангостин,,,,https://www.bavaria-group.ru/beer-product/sokosoderzasij-napitok-f,https://www.bavaria-group.ru/files/beer_items/69_1664459351.png,,new,high,carried-forward site-approved after PDF visual merge of soft-drink lines,Previous site-approved SKU retained; not contradicted by PDF,site,shared-line-image,,site,
