sku,source_url,notes
BAVARIA-BAVARIYA-SVETLOE-450-GLASS,https://www.bavaria-group.ru/beer-product/svetloe-bezalkogolnoe,site NA card
BAVARIA-BAVARIYA-SVETLOE-450-CAN,https://www.bavaria-group.ru/beer-product/svetloe-bezalkogolnoe,site NA card
BAVARIA-BAVARIYA-ELF-450-GLASS,https://www.bavaria-group.ru/beer-product/elf-bezalkogolnoe,site NA card
BAVARIA-BAVARIYA-ELF-450-CAN,https://www.bavaria-group.ru/beer-product/elf-bezalkogolnoe,site NA card
BAVARIA-BAVARIYA-GALLAGHER-NA-450-GLASS,https://www.bavaria-group.ru,
BAVARIA-BAVARIYA-GALLAGHER-NA-450-CAN,https://www.bavaria-group.ru,
BAVARIA-BAVARIYA-NORDISCH-NA-450-CAN,https://www.bavaria-group.ru,
BAVARIA-BAVARIYA-PREMIUM-GRUSHA-500-GLASS,https://www.bavaria-group.ru/beer-product/sladkie-gazirovannye-napitki-premium,"site Premium assortment стекло 0,5"
BAVARIA-BAVARIYA-PREMIUM-GRANAT-500-GLASS,https://www.bavaria-group.ru/beer-product/sladkie-gazirovannye-napitki-premium,"site Premium assortment стекло 0,5"
BAVARIA-BAVARIYA-PREMIUM-APELSIN-500-GLASS,https://www.bavaria-group.ru/beer-product/sladkie-gazirovannye-napitki-premium,"site Premium assortment стекло 0,5"
BAVARIA-BAVARIYA-PREMIUM-TARHUN-500-GLASS,https://www.bavaria-group.ru/beer-product/sladkie-gazirovannye-napitki-premium,"site Premium assortment стекло 0,5"
BAVARIA-BAVARIYA-PREMIUM-FEYHOA-500-GLASS,https://www.bavaria-group.ru/beer-product/sladkie-gazirovannye-napitki-premium,"site Premium assortment стекло 0,5"
BAVARIA-BAVARIYA-PREMIUM-VISHNYA-500-GLASS,https://www.bavaria-group.ru/beer-product/sladkie-gazirovannye-napitki-premium,"site Premium assortment стекло 0,5"
BAVARIA-BAVARIYA-PREMIUM-VINOGRAD-500-GLASS,https://www.bavaria-group.ru/beer-product/sladkie-gazirovannye-napitki-premium,"site Premium assortment стекло 0,5"
BAVARIA-BAVARIYA-PREMIUM-GRUSHA-1200-PET,https://www.bavaria-group.ru/beer-product/sladkie-gazirovannye-napitki-premium,"site Premium assortment ПЭТ 1,2"
BAVARIA-BAVARIYA-PREMIUM-TARHUN-1200-PET,https://www.bavaria-group.ru/beer-product/sladkie-gazirovannye-napitki-premium,"site Premium assortment ПЭТ 1,2"
BAVARIA-BAVARIYA-PREMIUM-GRANAT-1200-PET,https://www.bavaria-group.ru/beer-product/sladkie-gazirovannye-napitki-premium,"site Premium assortment ПЭТ 1,2"
BAVARIA-BAVARIYA-PREMIUM-FEYHOA-1200-PET,https://www.bavaria-group.ru/beer-product/sladkie-gazirovannye-napitki-premium,"site Premium assortment ПЭТ 1,2"
BAVARIA-BAVARIYA-PREMIUM-VISHNYA-1200-PET,https://www.bavaria-group.ru/beer-product/sladkie-gazirovannye-napitki-premium,"site Premium assortment ПЭТ 1,2"
BAVARIA-BAVARIYA-PREMIUM-VINOGRAD-1200-PET,https://www.bavaria-group.ru/beer-product/sladkie-gazirovannye-napitki-premium,"site Premium assortment ПЭТ 1,2"
BAVARIA-BAVARIYA-MOHITO-450-GLASS,https://www.bavaria-group.ru/beer-product/sladkie-gazirovannye-napitki,site regular soda assortment text
BAVARIA-BAVARIYA-PITAHAYYA-450-GLASS,https://www.bavaria-group.ru/beer-product/sladkie-gazirovannye-napitki,site regular soda assortment text
BAVARIA-BAVARIYA-TARHUN-450-GLASS,https://www.bavaria-group.ru/beer-product/sladkie-gazirovannye-napitki,site regular soda assortment text
BAVARIA-BAVARIYA-GRUSHA-450-GLASS,https://www.bavaria-group.ru/beer-product/sladkie-gazirovannye-napitki,site regular soda assortment text
BAVARIA-BAVARIYA-TARHUN-500-PET,https://www.bavaria-group.ru/beer-product/sladkie-gazirovannye-napitki,site regular soda assortment text
BAVARIA-BAVARIYA-GRUSHA-500-PET,https://www.bavaria-group.ru/beer-product/sladkie-gazirovannye-napitki,site regular soda assortment text
BAVARIA-BAVARIYA-KOLA-500-PET,https://www.bavaria-group.ru/beer-product/sladkie-gazirovannye-napitki,site regular soda assortment text
BAVARIA-BAVARIYA-APELSIN-1500-PET,https://www.bavaria-group.ru/beer-product/sladkie-gazirovannye-napitki,site regular soda assortment text
BAVARIA-BAVARIYA-TARHUN-1500-PET,https://www.bavaria-group.ru/beer-product/sladkie-gazirovannye-napitki,site regular soda assortment text
BAVARIA-BAVARIYA-GRUSHA-1500-PET,https://www.bavaria-group.ru/beer-product/sladkie-gazirovannye-napitki,site regular soda assortment text
BAVARIA-BAVARIYA-PITAHAYYA-1500-PET,https://www.bavaria-group.ru/beer-product/sladkie-gazirovannye-napitki,site regular soda assortment text
BAVARIA-BAVARIYA-KOLA-1500-PET,https://www.bavaria-group.ru/beer-product/sladkie-gazirovannye-napitki,site regular soda assortment text
BAVARIA-BAVARIYA-MOHITO-1500-PET,https://www.bavaria-group.ru/beer-product/sladkie-gazirovannye-napitki,site regular soda assortment text
BAVARIA-BAVARIYA-YABLOKO-1500-PET,https://www.bavaria-group.ru/beer-product/sladkie-gazirovannye-napitki,site regular soda assortment text
BAVARIA-LIMNADA-ANANAS-1500-PET,https://www.bavaria-group.ru/beer-product/silnogazirovannyj-napitok-limnada,site Limnada 1.5 assortment
BAVARIA-LIMNADA-KREM-SODA-1500-PET,https://www.bavaria-group.ru/beer-product/silnogazirovannyj-napitok-limnada,site Limnada 1.5 assortment
BAVARIA-LIMNADA-DYUSHES-1500-PET,https://www.bavaria-group.ru/beer-product/silnogazirovannyj-napitok-limnada,site Limnada 1.5 assortment
BAVARIA-LIMNADA-BARBARIS-1500-PET,https://www.bavaria-group.ru/beer-product/silnogazirovannyj-napitok-limnada,site Limnada 1.5 assortment
BAVARIA-LIMNADA-KREM-SODA-500-PET,https://www.bavaria-group.ru/beer-product/silnogazirovannyj-napitok-limnada,site Limnada 0.5 assortment
BAVARIA-LIMNADA-DYUSHES-500-PET,https://www.bavaria-group.ru/beer-product/silnogazirovannyj-napitok-limnada,site Limnada 0.5 assortment
BAVARIA-LIMNADA-BARBARIS-500-PET,https://www.bavaria-group.ru/beer-product/silnogazirovannyj-napitok-limnada,site Limnada 0.5 assortment
BAVARIA-DREAMIX-KOLA-TSITRUS-330-CAN,https://www.bavaria-group.ru/beer-product/bezalkogolnyj-silnogazirovannyj-napitok-dreamix,site Dreamix soda packs without flavor titles
BAVARIA-DREAMIX-KOLA-TSITRUS-500-PET,https://www.bavaria-group.ru/beer-product/bezalkogolnyj-silnogazirovannyj-napitok-dreamix,site Dreamix soda packs without flavor titles
BAVARIA-DREAMIX-KOLA-TSITRUS-1500-PET,https://www.bavaria-group.ru/beer-product/bezalkogolnyj-silnogazirovannyj-napitok-dreamix,site Dreamix soda packs without flavor titles
BAVARIA-DREAMIX-TAYGA-330-CAN,https://www.bavaria-group.ru/beer-product/bezalkogolnyj-silnogazirovannyj-napitok-dreamix,site Dreamix soda packs without flavor titles
BAVARIA-DREAMIX-TAYGA-500-PET,https://www.bavaria-group.ru/beer-product/bezalkogolnyj-silnogazirovannyj-napitok-dreamix,site Dreamix soda packs without flavor titles
BAVARIA-DREAMIX-TAYGA-1500-PET,https://www.bavaria-group.ru/beer-product/bezalkogolnyj-silnogazirovannyj-napitok-dreamix,site Dreamix soda packs without flavor titles
BAVARIA-DREAMIX-MOHITO-330-CAN,https://www.bavaria-group.ru/beer-product/bezalkogolnyj-silnogazirovannyj-napitok-dreamix,site Dreamix soda packs without flavor titles
BAVARIA-DREAMIX-MOHITO-500-PET,https://www.bavaria-group.ru/beer-product/bezalkogolnyj-silnogazirovannyj-napitok-dreamix,site Dreamix soda packs without flavor titles
BAVARIA-DREAMIX-MOHITO-1500-PET,https://www.bavaria-group.ru/beer-product/bezalkogolnyj-silnogazirovannyj-napitok-dreamix,site Dreamix soda packs without flavor titles
BAVARIA-DREAMIX-KLYUKVA-APELSIN-330-CAN,https://www.bavaria-group.ru/beer-product/bezalkogolnyj-silnogazirovannyj-napitok-dreamix,site Dreamix soda packs without flavor titles
BAVARIA-DREAMIX-KLYUKVA-APELSIN-500-PET,https://www.bavaria-group.ru/beer-product/bezalkogolnyj-silnogazirovannyj-napitok-dreamix,site Dreamix soda packs without flavor titles
BAVARIA-DREAMIX-KLYUKVA-APELSIN-1500-PET,https://www.bavaria-group.ru/beer-product/bezalkogolnyj-silnogazirovannyj-napitok-dreamix,site Dreamix soda packs without flavor titles
BAVARIA-DREAMIX-BITTER-LEMON-1000-PET,https://www.bavaria-group.ru/beer-product/dreamix,"site Dreamix Toniс PET 1л + стекло 0,33"
BAVARIA-DREAMIX-BITTER-LEMON-330-GLASS,https://www.bavaria-group.ru/beer-product/dreamix,"site Dreamix Toniс PET 1л + стекло 0,33"
BAVARIA-DREAMIX-BITTER-LEMON-330-CAN,https://www.bavaria-group.ru/beer-product/dreamix,
BAVARIA-DREAMIX-INDIAN-TONIK-1000-PET,https://www.bavaria-group.ru/beer-product/dreamix,"site Dreamix Toniс PET 1л + стекло 0,33"
BAVARIA-DREAMIX-INDIAN-TONIK-330-GLASS,https://www.bavaria-group.ru/beer-product/dreamix,"site Dreamix Toniс PET 1л + стекло 0,33"
BAVARIA-DREAMIX-INDIAN-TONIK-330-CAN,https://www.bavaria-group.ru/beer-product/dreamix,
BAVARIA-ROCKET-RIDE-CLASSIC-450-CAN,https://www.bavaria-group.ru/beer-product/vitaminnyj-napitok-rocket-ride,site flavors without packs
BAVARIA-ROCKET-RIDE-CLASSIC-500-PET,https://www.bavaria-group.ru/beer-product/vitaminnyj-napitok-rocket-ride,site flavors without packs
BAVARIA-ROCKET-RIDE-MANGO-APRICOT-450-CAN,https://www.bavaria-group.ru/beer-product/vitaminnyj-napitok-rocket-ride,site flavors without packs
BAVARIA-ROCKET-RIDE-MANGO-APRICOT-500-PET,https://www.bavaria-group.ru/beer-product/vitaminnyj-napitok-rocket-ride,site flavors without packs
BAVARIA-ROCKET-RIDE-KIVI-YABLOKO-450-CAN,https://www.bavaria-group.ru/beer-product/vitaminnyj-napitok-rocket-ride,site flavors without packs
BAVARIA-ROCKET-RIDE-KIVI-YABLOKO-500-PET,https://www.bavaria-group.ru/beer-product/vitaminnyj-napitok-rocket-ride,site flavors without packs
BAVARIA-ROCKET-RIDE-DIKIE-YAGODY-450-CAN,https://www.bavaria-group.ru/beer-product/vitaminnyj-napitok-rocket-ride,site flavors without packs
BAVARIA-ROCKET-RIDE-DIKIE-YAGODY-500-PET,https://www.bavaria-group.ru/beer-product/vitaminnyj-napitok-rocket-ride,site flavors without packs
BAVARIA-ROCKET-RIDE-LAYM-LEMONGRAS-450-CAN,https://www.bavaria-group.ru/beer-product/vitaminnyj-napitok-rocket-ride,site flavors without packs
BAVARIA-ROCKET-RIDE-LAYM-LEMONGRAS-500-PET,https://www.bavaria-group.ru/beer-product/vitaminnyj-napitok-rocket-ride,site flavors without packs
BAVARIA-MOUNTEA-PERSIK-1500-PET,https://www.bavaria-group.ru/beer-product/holodnyj-caj-mountea,site Персик/Лесные ягоды; Лайм-мята добавлен из PDF
BAVARIA-MOUNTEA-PERSIK-500-PET,https://www.bavaria-group.ru/beer-product/holodnyj-caj-mountea,site Персик/Лесные ягоды; Лайм-мята добавлен из PDF
BAVARIA-MOUNTEA-PERSIK-330-CAN,https://www.bavaria-group.ru/beer-product/holodnyj-caj-mountea,site Персик/Лесные ягоды; Лайм-мята добавлен из PDF
BAVARIA-MOUNTEA-LESNYE-YAGODY-1500-PET,https://www.bavaria-group.ru/beer-product/holodnyj-caj-mountea,site Персик/Лесные ягоды; Лайм-мята добавлен из PDF
BAVARIA-MOUNTEA-LESNYE-YAGODY-500-PET,https://www.bavaria-group.ru/beer-product/holodnyj-caj-mountea,site Персик/Лесные ягоды; Лайм-мята добавлен из PDF
BAVARIA-MOUNTEA-LESNYE-YAGODY-330-CAN,https://www.bavaria-group.ru/beer-product/holodnyj-caj-mountea,site Персик/Лесные ягоды; Лайм-мята добавлен из PDF
BAVARIA-MOUNTEA-LAYM-MYATA-1500-PET,https://www.bavaria-group.ru/beer-product/holodnyj-caj-mountea,site Персик/Лесные ягоды; Лайм-мята добавлен из PDF
BAVARIA-MOUNTEA-LAYM-MYATA-500-PET,https://www.bavaria-group.ru/beer-product/holodnyj-caj-mountea,site Персик/Лесные ягоды; Лайм-мята добавлен из PDF
BAVARIA-MOUNTEA-LAYM-MYATA-330-CAN,https://www.bavaria-group.ru/beer-product/holodnyj-caj-mountea,site Персик/Лесные ягоды; Лайм-мята добавлен из PDF
BAVARIA-DOBRETSOV-HLEBNYY-2000-PET,https://www.bavaria-group.ru/beer-product/kvas-dobretsov,site PET 2 / ~1.4 + can 0.45
BAVARIA-DOBRETSOV-HLEBNYY-1420-PET,https://www.bavaria-group.ru/beer-product/kvas-dobretsov,site PET 2 / ~1.4 + can 0.45
BAVARIA-DOBRETSOV-HLEBNYY-450-CAN,https://www.bavaria-group.ru/beer-product/kvas-dobretsov,site PET 2 / ~1.4 + can 0.45
BAVARIA-DOBRETSOV-BOCHKOVOY-2000-PET,https://www.bavaria-group.ru/beer-product/kvas-dobretsov,site PET 2 / ~1.4 + can 0.45
BAVARIA-DOBRETSOV-BOCHKOVOY-1420-PET,https://www.bavaria-group.ru/beer-product/kvas-dobretsov,site PET 2 / ~1.4 + can 0.45
BAVARIA-BAVARIYA-RETRO-YUZHNAYA-CHAYKA-450-GLASS,https://www.bavaria-group.ru/beer-product/sladkij-silnogazirovannyj-napitok-cajka,site
BAVARIA-BAVARIYA-RETRO-YUZHNAYA-CHAYKA-500-PET,https://www.bavaria-group.ru/beer-product/sladkij-silnogazirovannyj-napitok-cajka,site
BAVARIA-BAVARIYA-RETRO-RODNYE-OGONKI-450-GLASS,https://www.bavaria-group.ru/beer-product/sladkij-silnogazirovannyj-napitok-cajka,site
BAVARIA-BAVARIYA-RETRO-RODNYE-OGONKI-500-PET,https://www.bavaria-group.ru/beer-product/sladkij-silnogazirovannyj-napitok-cajka,site
BAVARIA-BAVARIYA-RETRO-ZAPOVEDNAYA-TAYGA-450-GLASS,https://www.bavaria-group.ru/beer-product/sladkij-silnogazirovannyj-napitok-cajka,site
BAVARIA-BLACK-ROCKET-BLACK-ROCKET-450-CAN,https://www.bavaria-group.ru/beer-product/black-rocket,site
BAVARIA-BLACK-ROCKET-BLACK-ROCKET-500-PET,https://www.bavaria-group.ru/beer-product/black-rocket,site
BAVARIA-HONG-EZHEVIKA-500-PET,https://www.bavaria-group.ru/beer-product/silnogazirovannye-bezalkogolnye-napitki-honga,site
BAVARIA-HONG-CHERESHNYA-500-PET,https://www.bavaria-group.ru/beer-product/silnogazirovannye-bezalkogolnye-napitki-honga,site
BAVARIA-HONG-VINOGRAD-500-PET,https://www.bavaria-group.ru/beer-product/silnogazirovannye-bezalkogolnye-napitki-honga,site
BAVARIA-HONG-YABLOKO-SHELKOVITSA-500-PET,https://www.bavaria-group.ru/beer-product/silnogazirovannye-bezalkogolnye-napitki-honga,site
BAVARIA-BAVARIYA-NEW-ORANGE-500-PET,https://www.bavaria-group.ru/beer-product/new-orange,site
BAVARIA-BAVARIYA-NEW-ORANGE-1000-PET,https://www.bavaria-group.ru/beer-product/new-orange,site
BAVARIA-BAVARIYA-NEW-ORANGE-1500-PET,https://www.bavaria-group.ru/beer-product/new-orange,site
BAVARIA-SWIPE-SWIPE-1500-PET,https://www.bavaria-group.ru/beer-product/swipe,site
BAVARIA-SWIPE-SWIPE-500-PET,https://www.bavaria-group.ru/beer-product/swipe,site
BAVARIA-SWIPE-SWIPE-330-GLASS,https://www.bavaria-group.ru/beer-product/swipe,site
BAVARIA-BAVARIYA-KOLA-PREMIUM-LE-1500-PET,https://www.bavaria-group.ru/beer-product/kola-limited-edition,site
BAVARIA-BAVARIYA-KOLA-PREMIUM-LE-500-PET,https://www.bavaria-group.ru/beer-product/kola-limited-edition,site
BAVARIA-BAVARIYA-KOLA-PREMIUM-LE-500-GLASS,https://www.bavaria-group.ru/beer-product/kola-limited-edition,site
BAVARIA-BAVARIYA-KOLA-PREMIUM-LE-330-GLASS,https://www.bavaria-group.ru/beer-product/kola-limited-edition,site
BAVARIA-BAVARIYA-KOLA-PREMIUM-LE-330-CAN,https://www.bavaria-group.ru/beer-product/kola-limited-edition,site
BAVARIA-BAVARIYA-KOLA-SF-1500-PET,https://www.bavaria-group.ru/beer-product/kola-premium-sugar-free,site
BAVARIA-BAVARIYA-KOLA-SF-1000-PET,https://www.bavaria-group.ru/beer-product/kola-premium-sugar-free,site
BAVARIA-BAVARIYA-KOLA-SF-500-PET,https://www.bavaria-group.ru/beer-product/kola-premium-sugar-free,site
BAVARIA-COLALE-COLA-LE-1500-PET,https://www.bavaria-group.ru/beer-product/cola-limited-edition,site
BAVARIA-COLALE-COLA-LE-500-PET,https://www.bavaria-group.ru/beer-product/cola-limited-edition,site
BAVARIA-COLALE-COLA-LE-450-GLASS,https://www.bavaria-group.ru/beer-product/cola-limited-edition,site
BAVARIA-COLALE-COLA-LE-330-CAN,https://www.bavaria-group.ru/beer-product/cola-limited-edition,site
BAVARIA-BAVARIYA-MOHITO-KLUBNIKA-ZEMLYANIKA-450-CAN,https://www.bavaria-group.ru/beer-product/napitok-bezalkogolnyj-silnogazirovannyj-mohito,site
BAVARIA-BAVARIYA-MOHITO-FRESH-LIME-MINT-SVEZHI-450-CAN,https://www.bavaria-group.ru/beer-product/napitok-bezalkogolnyj-silnogazirovannyj-mohito,site
BAVARIA-MOUNTEA-CHERNYY-CHAY-S-LIMONOM-I-GOR-1000-PET,https://www.bavaria-group.ru/beer-product/linejka-naturalnyh-napitkov-mountea-botanic,site
BAVARIA-MOUNTEA-CHERNYY-CHAY-S-LIMONOM-I-GORN-500-PET,https://www.bavaria-group.ru/beer-product/linejka-naturalnyh-napitkov-mountea-botanic,site
BAVARIA-MOUNTEA-CHERNYY-CHAY-S-LIMONOM-I-GORN-330-CAN,https://www.bavaria-group.ru/beer-product/linejka-naturalnyh-napitkov-mountea-botanic,site
BAVARIA-MOUNTEA-ZELENYY-CHAY-S-MANGO-I-ROMAS-1000-PET,https://www.bavaria-group.ru/beer-product/linejka-naturalnyh-napitkov-mountea-botanic,site
BAVARIA-MOUNTEA-ZELENYY-CHAY-S-MANGO-I-ROMASH-500-PET,https://www.bavaria-group.ru/beer-product/linejka-naturalnyh-napitkov-mountea-botanic,site
BAVARIA-MOUNTEA-ZELENYY-CHAY-S-MANGO-I-ROMASH-330-CAN,https://www.bavaria-group.ru/beer-product/linejka-naturalnyh-napitkov-mountea-botanic,site
BAVARIA-MOUNTEA-CHERNYY-CHAY-S-MALINOY-I-GIB-1000-PET,https://www.bavaria-group.ru/beer-product/linejka-naturalnyh-napitkov-mountea-botanic,site
BAVARIA-MOUNTEA-CHERNYY-CHAY-S-MALINOY-I-GIBI-500-PET,https://www.bavaria-group.ru/beer-product/linejka-naturalnyh-napitkov-mountea-botanic,site
BAVARIA-MOUNTEA-CHERNYY-CHAY-S-MALINOY-I-GIBI-330-CAN,https://www.bavaria-group.ru/beer-product/linejka-naturalnyh-napitkov-mountea-botanic,site
BAVARIA-TBAU-GORNAA-RODNIKOVAA-VODA-TBAU-5000-PET,https://www.bavaria-group.ru/beer-product/gornaa-rodnikovaa-voda-tbau-detskaa,site
BAVARIA-TBAU-GORNAA-RODNIKOVAA-VODA-TBAU-1500-PET,https://www.bavaria-group.ru/beer-product/gornaa-rodnikovaa-voda-tbau-detskaa,site
BAVARIA-TBAU-GORNAA-RODNIKOVAA-VODA-TBAU-D-500-PET,https://www.bavaria-group.ru/beer-product/gornaa-rodnikovaa-voda-tbau-detskaa,site
BAVARIA-TBAU-GORNAA-RODNIKOVAA-VODA-TBAU-D-330-PET,https://www.bavaria-group.ru/beer-product/gornaa-rodnikovaa-voda-tbau-detskaa,site
BAVARIA-GORNAYA-VODA-GORNAA-VODA-GAZIROVANNAYA-500-PET,https://www.bavaria-group.ru/beer-product/gornaa-voda,site
BAVARIA-GORNAYA-VODA-GORNAA-VODA-NEGAZIROVANNAYA-500-PET,https://www.bavaria-group.ru/beer-product/gornaa-voda,site
BAVARIA-GORNAYA-VODA-GORNAA-VODA-GAZIROVANNAYA-450-GLASS,https://www.bavaria-group.ru/beer-product/gornaa-voda,site
BAVARIA-GORNAYA-VODA-GORNAA-VODA-NEGAZIROVANNAYA-450-GLASS,https://www.bavaria-group.ru/beer-product/gornaa-voda,site
BAVARIA-GORNAYA-VODA-GORNAA-VODA-GAZIROVANNAYA-1500-PET,https://www.bavaria-group.ru/beer-product/gornaa-voda,site
BAVARIA-GORNAYA-VODA-GORNAA-VODA-NEGAZIROVANNAYA-1500-PET,https://www.bavaria-group.ru/beer-product/gornaa-voda,site
BAVARIA-TBAU-TBAU-NEGAZIROVANNAYA-GAZIRO-19000-PET,https://www.bavaria-group.ru/beer-product/pitevaa-voda-dla-kulerov,site
BAVARIA-TBAU-TBAU-NEGAZIROVANNAYA-NEGAZI-19000-PET,https://www.bavaria-group.ru/beer-product/pitevaa-voda-dla-kulerov,site
BAVARIA-KAZBEK-AQUA-ZAGOLOVOK-PRODUKTA-1500-PET,https://www.bavaria-group.ru/beer-product/zagolovok-produkta,site
BAVARIA-KAZBEK-AQUA-ZAGOLOVOK-PRODUKTA-500-PET,https://www.bavaria-group.ru/beer-product/zagolovok-produkta,site
BAVARIA-KAZBEK-AQUA-ZAGOLOVOK-PRODUKTA-330-GLASS,https://www.bavaria-group.ru/beer-product/zagolovok-produkta,site
BAVARIA-TBAU-CLASSIC-GAZIROVANNAYA-500-PET,https://www.bavaria-group.ru/beer-product/zagolovok-produkta-2,site
BAVARIA-TBAU-CLASSIC-NEGAZIROVANNAYA-500-PET,https://www.bavaria-group.ru/beer-product/zagolovok-produkta-2,site
BAVARIA-TBAU-CLASSIC-GAZIROVANNAYA-1000-PET,https://www.bavaria-group.ru/beer-product/zagolovok-produkta-2,site
BAVARIA-TBAU-CLASSIC-NEGAZIROVANNAYA-1000-PET,https://www.bavaria-group.ru/beer-product/zagolovok-produkta-2,site
BAVARIA-TBAU-CLASSIC-GAZIROVANNAYA-1500-PET,https://www.bavaria-group.ru/beer-product/zagolovok-produkta-2,site
BAVARIA-TBAU-CLASSIC-NEGAZIROVANNAYA-1500-PET,https://www.bavaria-group.ru/beer-product/zagolovok-produkta-2,site
BAVARIA-TBAU-CLASSIC-GAZIROVANNAYA-5000-PET,https://www.bavaria-group.ru/beer-product/zagolovok-produkta-2,site
BAVARIA-TBAU-CLASSIC-NEGAZIROVANNAYA-5000-PET,https://www.bavaria-group.ru/beer-product/zagolovok-produkta-2,site
BAVARIA-TBAU-CLASSIC-GAZIROVANNAYA-19000-PET,https://www.bavaria-group.ru/beer-product/zagolovok-produkta-2,site
BAVARIA-TBAU-CLASSIC-NEGAZIROVANNAYA-19000-PET,https://www.bavaria-group.ru/beer-product/zagolovok-produkta-2,site
BAVARIA-TBAU-PREMIUM-GAZIROVANNAYA-330-GLASS,https://www.bavaria-group.ru/beer-product/zagolovok-produkta-2,site
BAVARIA-TBAU-PREMIUM-NEGAZIROVANNAYA-330-GLASS,https://www.bavaria-group.ru/beer-product/zagolovok-produkta-2,site
BAVARIA-TBAU-PREMIUM-GAZIROVANNAYA-450-GLASS,https://www.bavaria-group.ru/beer-product/zagolovok-produkta-2,site
BAVARIA-TBAU-PREMIUM-NEGAZIROVANNAYA-450-GLASS,https://www.bavaria-group.ru/beer-product/zagolovok-produkta-2,site
BAVARIA-TBAU-PREMIUM-GAZIROVANNAYA-500-GLASS,https://www.bavaria-group.ru/beer-product/zagolovok-produkta-2,site
BAVARIA-TBAU-PREMIUM-NEGAZIROVANNAYA-500-GLASS,https://www.bavaria-group.ru/beer-product/zagolovok-produkta-2,site
BAVARIA-AVARAL-AVARAL-450-GLASS,https://www.bavaria-group.ru/beer-product/avaral,site
BAVARIA-AYVA-AYVA-STILL-500-GLASS,https://www.bavaria-group.ru/beer-product/ajva,site
BAVARIA-AYVA-AYVA-STILL-500-PET,https://www.bavaria-group.ru/beer-product/ajva,site
BAVARIA-VKUSVILL-GAZIROVANNAYA-500-PET,https://www.bavaria-group.ru/beer-product/tbau,site
BAVARIA-VKUSVILL-NEGAZIROVANNAYA-500-PET,https://www.bavaria-group.ru/beer-product/tbau,site
BAVARIA-F-SLIVA-1500-PET,https://www.bavaria-group.ru/beer-product/sokosoderzasij-napitok-f,site
BAVARIA-F-MULTIFRUKT-1500-PET,https://www.bavaria-group.ru/beer-product/sokosoderzasij-napitok-f,site
BAVARIA-F-MANGOSTIN-1500-PET,https://www.bavaria-group.ru/beer-product/sokosoderzasij-napitok-f,site
BAVARIA-F-MULTIFRUKT-500-PET,https://www.bavaria-group.ru/beer-product/sokosoderzasij-napitok-f,site
BAVARIA-F-MANGOSTIN-500-PET,https://www.bavaria-group.ru/beer-product/sokosoderzasij-napitok-f,site
