proposed_sku,official_name,proposed_name,brand,manufacturer,line,flavor,flavor_key,volume_ml,volume_text,package_type,package_code,carbonation,category,category_slug,category_id,category_status,source_url,source_image_url,image_path,image_match_status,image_width,image_height,image_mime,source_image_sha256,processed_sha256,duplicate_status,confidence,review_status,review_reason,volume_confidence,notes,wp_slug,sales_status,price_amount,orderable,availability,units_per_package
IRIB-BRO-LEMON-ANANAS-1250-PET,Bro lemon Ананас,"Bro Lemon Ананас, 1,25 л, ПЭТ",Bro Lemon,ООО «ИРИБ»,BRO-LEMON,Ананас,ANANAS,1250,"1,25 л",ПЭТ,PET,,Лимонады,limonady,a8af36d2-ef7a-49ce-8aea-42fdf99359ae,mapped,https://irib.su/product/bro-lemon-ananas/,,,missing,,,,,,new_product,medium,manual,volume_image_unconfirmed; missing_image; multi_volume_image_unassigned,low,multi_volume_image_unassigned,bro-lemon-ananas,showcase,,false,on_order,1
IRIB-BRO-LEMON-ANANAS-500-PET,Bro lemon Ананас,"Bro Lemon Ананас, 500 мл, ПЭТ",Bro Lemon,ООО «ИРИБ»,BRO-LEMON,Ананас,ANANAS,500,500 мл,ПЭТ,PET,,Лимонады,limonady,a8af36d2-ef7a-49ce-8aea-42fdf99359ae,mapped,https://irib.su/product/bro-lemon-ananas/,,,missing,,,,,,new_product,medium,manual,volume_image_unconfirmed; missing_image; multi_volume_image_unassigned,low,multi_volume_image_unassigned,bro-lemon-ananas,showcase,,false,on_order,1
IRIB-BRO-LEMON-APELSIN-1250-PET,Bro lemon Апельсин,"Bro Lemon Апельсин, 1,25 л, ПЭТ",Bro Lemon,ООО «ИРИБ»,BRO-LEMON,Апельсин,APELSIN,1250,"1,25 л",ПЭТ,PET,,Лимонады,limonady,a8af36d2-ef7a-49ce-8aea-42fdf99359ae,mapped,https://irib.su/product/bro-lemon-apelsin/,,,missing,,,,,,new_product,medium,manual,volume_image_unconfirmed; missing_image; multi_volume_image_unassigned,low,multi_volume_image_unassigned,bro-lemon-apelsin,showcase,,false,on_order,1
IRIB-BRO-LEMON-APELSIN-500-PET,Bro lemon Апельсин,"Bro Lemon Апельсин, 500 мл, ПЭТ",Bro Lemon,ООО «ИРИБ»,BRO-LEMON,Апельсин,APELSIN,500,500 мл,ПЭТ,PET,,Лимонады,limonady,a8af36d2-ef7a-49ce-8aea-42fdf99359ae,mapped,https://irib.su/product/bro-lemon-apelsin/,,,missing,,,,,,new_product,medium,manual,volume_image_unconfirmed; missing_image; multi_volume_image_unassigned,low,multi_volume_image_unassigned,bro-lemon-apelsin,showcase,,false,on_order,1
IRIB-BRO-LEMON-COLA-1250-PET,Bro lemon Cola,"Bro Lemon Cola, 1,25 л, ПЭТ",Bro Lemon,ООО «ИРИБ»,BRO-LEMON,Cola,COLA,1250,"1,25 л",ПЭТ,PET,,Кола,kola,34bee47b-61c3-4e15-81db-75d58ecf018b,mapped,https://irib.su/product/bro-lemon-cola/,,,missing,,,,,,new_product,medium,manual,volume_image_unconfirmed; missing_image; multi_volume_image_unassigned,low,multi_volume_image_unassigned,bro-lemon-cola,showcase,,false,on_order,1
IRIB-BRO-LEMON-COLA-500-PET,Bro lemon Cola,"Bro Lemon Cola, 500 мл, ПЭТ",Bro Lemon,ООО «ИРИБ»,BRO-LEMON,Cola,COLA,500,500 мл,ПЭТ,PET,,Кола,kola,34bee47b-61c3-4e15-81db-75d58ecf018b,mapped,https://irib.su/product/bro-lemon-cola/,,,missing,,,,,,new_product,medium,manual,volume_image_unconfirmed; missing_image; multi_volume_image_unassigned,low,multi_volume_image_unassigned,bro-lemon-cola,showcase,,false,on_order,1
IRIB-BRO-LEMON-GRUSHA-1250-PET,Bro lemon Груша,"Bro Lemon Груша, 1,25 л, ПЭТ",Bro Lemon,ООО «ИРИБ»,BRO-LEMON,Груша,GRUSHA,1250,"1,25 л",ПЭТ,PET,,Лимонады,limonady,a8af36d2-ef7a-49ce-8aea-42fdf99359ae,mapped,https://irib.su/product/bro-lemon-grusha/,,,missing,,,,,,new_product,medium,manual,volume_image_unconfirmed; missing_image; multi_volume_image_unassigned,low,multi_volume_image_unassigned,bro-lemon-grusha,showcase,,false,on_order,1
IRIB-BRO-LEMON-GRUSHA-500-PET,Bro lemon Груша,"Bro Lemon Груша, 500 мл, ПЭТ",Bro Lemon,ООО «ИРИБ»,BRO-LEMON,Груша,GRUSHA,500,500 мл,ПЭТ,PET,,Лимонады,limonady,a8af36d2-ef7a-49ce-8aea-42fdf99359ae,mapped,https://irib.su/product/bro-lemon-grusha/,,,missing,,,,,,new_product,medium,manual,volume_image_unconfirmed; missing_image; multi_volume_image_unassigned,low,multi_volume_image_unassigned,bro-lemon-grusha,showcase,,false,on_order,1
IRIB-BRO-LEMON-MOHITO-1250-PET,Bro lemon Мохито,"Bro Lemon Мохито, 1,25 л, ПЭТ",Bro Lemon,ООО «ИРИБ»,BRO-LEMON,Мохито,MOHITO,1250,"1,25 л",ПЭТ,PET,,Лимонады,limonady,a8af36d2-ef7a-49ce-8aea-42fdf99359ae,mapped,https://irib.su/product/bro-lemon-mahito/,,,missing,,,,,,new_product,medium,manual,volume_image_unconfirmed; missing_image; multi_volume_image_unassigned,low,multi_volume_image_unassigned,bro-lemon-mahito,showcase,,false,on_order,1
IRIB-BRO-LEMON-MOHITO-500-PET,Bro lemon Мохито,"Bro Lemon Мохито, 500 мл, ПЭТ",Bro Lemon,ООО «ИРИБ»,BRO-LEMON,Мохито,MOHITO,500,500 мл,ПЭТ,PET,,Лимонады,limonady,a8af36d2-ef7a-49ce-8aea-42fdf99359ae,mapped,https://irib.su/product/bro-lemon-mahito/,,,missing,,,,,,new_product,medium,manual,volume_image_unconfirmed; missing_image; multi_volume_image_unassigned,low,multi_volume_image_unassigned,bro-lemon-mahito,showcase,,false,on_order,1
IRIB-BRO-LEMON-MULTIFRUKT-1250-PET,Bro lemon Мультифрукт,"Bro Lemon Мультифрукт, 1,25 л, ПЭТ",Bro Lemon,ООО «ИРИБ»,BRO-LEMON,Мультифрукт,MULTIFRUKT,1250,"1,25 л",ПЭТ,PET,,Лимонады,limonady,a8af36d2-ef7a-49ce-8aea-42fdf99359ae,mapped,https://irib.su/product/bro-lemon-multifrukt/,,,missing,,,,,,new_product,medium,manual,volume_image_unconfirmed; missing_image; multi_volume_image_unassigned,low,multi_volume_image_unassigned,bro-lemon-multifrukt,showcase,,false,on_order,1
IRIB-BRO-LEMON-MULTIFRUKT-500-PET,Bro lemon Мультифрукт,"Bro Lemon Мультифрукт, 500 мл, ПЭТ",Bro Lemon,ООО «ИРИБ»,BRO-LEMON,Мультифрукт,MULTIFRUKT,500,500 мл,ПЭТ,PET,,Лимонады,limonady,a8af36d2-ef7a-49ce-8aea-42fdf99359ae,mapped,https://irib.su/product/bro-lemon-multifrukt/,,,missing,,,,,,new_product,medium,manual,volume_image_unconfirmed; missing_image; multi_volume_image_unassigned,low,multi_volume_image_unassigned,bro-lemon-multifrukt,showcase,,false,on_order,1
IRIB-BRO-LEMON-TARHUN-1250-PET,Bro lemon Тархун,"Bro Lemon Тархун, 1,25 л, ПЭТ",Bro Lemon,ООО «ИРИБ»,BRO-LEMON,Тархун,TARHUN,1250,"1,25 л",ПЭТ,PET,,Лимонады,limonady,a8af36d2-ef7a-49ce-8aea-42fdf99359ae,mapped,https://irib.su/product/bro-lemon-tarhun/,,,missing,,,,,,new_product,medium,manual,volume_image_unconfirmed; missing_image; multi_volume_image_unassigned,low,multi_volume_image_unassigned,bro-lemon-tarhun,showcase,,false,on_order,1
IRIB-BRO-LEMON-TARHUN-500-PET,Bro lemon Тархун,"Bro Lemon Тархун, 500 мл, ПЭТ",Bro Lemon,ООО «ИРИБ»,BRO-LEMON,Тархун,TARHUN,500,500 мл,ПЭТ,PET,,Лимонады,limonady,a8af36d2-ef7a-49ce-8aea-42fdf99359ae,mapped,https://irib.su/product/bro-lemon-tarhun/,,,missing,,,,,,new_product,medium,manual,volume_image_unconfirmed; missing_image; multi_volume_image_unassigned,low,multi_volume_image_unassigned,bro-lemon-tarhun,showcase,,false,on_order,1
IRIB-GOLD-GRAND-GRUSHA-1500-PET,Груша,"GOLD GRAND Груша, 1,5 л, ПЭТ",GOLD GRAND,ООО «ИРИБ»,GOLD-GRAND,Груша,GRUSHA,1500,"1,5 л",ПЭТ,PET,газированный,Лимонады,limonady,a8af36d2-ef7a-49ce-8aea-42fdf99359ae,mapped,https://irib.su/product/grusha-0-6l/,,,missing,,,,,,new_product,medium,manual,volume_image_unconfirmed; missing_image; multi_volume_image_unassigned,low,multi_volume_image_unassigned,grusha-0-6l,showcase,,false,on_order,1
IRIB-GOLD-GRAND-GRUSHA-600-PET,Груша,"GOLD GRAND Груша, 600 мл, ПЭТ",GOLD GRAND,ООО «ИРИБ»,GOLD-GRAND,Груша,GRUSHA,600,600 мл,ПЭТ,PET,газированный,Лимонады,limonady,a8af36d2-ef7a-49ce-8aea-42fdf99359ae,mapped,https://irib.su/product/grusha-0-6l/,,,missing,,,,,,new_product,medium,manual,volume_image_unconfirmed; missing_image; multi_volume_image_unassigned,low,multi_volume_image_unassigned,grusha-0-6l,showcase,,false,on_order,1
IRIB-GOLD-GRAND-MOHITO-1500-PET,Мохито,"GOLD GRAND Мохито, 1,5 л, ПЭТ",GOLD GRAND,ООО «ИРИБ»,GOLD-GRAND,Мохито,MOHITO,1500,"1,5 л",ПЭТ,PET,газированный,Лимонады,limonady,a8af36d2-ef7a-49ce-8aea-42fdf99359ae,mapped,https://irib.su/product/mohito-0-6l/,,,missing,,,,,,new_product,medium,manual,volume_image_unconfirmed; missing_image; multi_volume_image_unassigned,low,multi_volume_image_unassigned,mohito-0-6l,showcase,,false,on_order,1
IRIB-GOLD-GRAND-MOHITO-600-PET,Мохито,"GOLD GRAND Мохито, 600 мл, ПЭТ",GOLD GRAND,ООО «ИРИБ»,GOLD-GRAND,Мохито,MOHITO,600,600 мл,ПЭТ,PET,газированный,Лимонады,limonady,a8af36d2-ef7a-49ce-8aea-42fdf99359ae,mapped,https://irib.su/product/mohito-0-6l/,,,missing,,,,,,new_product,medium,manual,volume_image_unconfirmed; missing_image; multi_volume_image_unassigned,low,multi_volume_image_unassigned,mohito-0-6l,showcase,,false,on_order,1
IRIB-ICE-BAR-MANGO-KLUBNIKA-1250-PET,Ice Bar манго-клубника,"Ice Bar манго-клубника, 1,25 л, ПЭТ",Ice Bar,ООО «ИРИБ»,ICE-BAR,манго-клубника,MANGO-KLUBNIKA,1250,"1,25 л",ПЭТ,PET,,Холодный чай,kholodnyy-chay,88192b93-0ce7-4b67-b6a5-9cb208a17bbb,mapped,https://irib.su/product/ice-bar-mango-klubnika/,,,missing,,,,,,new_product,medium,manual,volume_image_unconfirmed; missing_image; multi_volume_image_unassigned,low,multi_volume_image_unassigned,ice-bar-mango-klubnika,showcase,,false,on_order,1
IRIB-ICE-BAR-MANGO-KLUBNIKA-500-PET,Ice Bar манго-клубника,"Ice Bar манго-клубника, 500 мл, ПЭТ",Ice Bar,ООО «ИРИБ»,ICE-BAR,манго-клубника,MANGO-KLUBNIKA,500,500 мл,ПЭТ,PET,,Холодный чай,kholodnyy-chay,88192b93-0ce7-4b67-b6a5-9cb208a17bbb,mapped,https://irib.su/product/ice-bar-mango-klubnika/,,,missing,,,,,,new_product,medium,manual,volume_image_unconfirmed; missing_image; multi_volume_image_unassigned,low,multi_volume_image_unassigned,ice-bar-mango-klubnika,showcase,,false,on_order,1
IRIB-ICE-BAR-PERSIK-1250-PET,Ice Bar Персик,"Ice Bar Персик, 1,25 л, ПЭТ",Ice Bar,ООО «ИРИБ»,ICE-BAR,Персик,PERSIK,1250,"1,25 л",ПЭТ,PET,,Холодный чай,kholodnyy-chay,88192b93-0ce7-4b67-b6a5-9cb208a17bbb,mapped,https://irib.su/product/ice-bar-persik/,,,missing,,,,,,new_product,medium,manual,volume_image_unconfirmed; missing_image; multi_volume_image_unassigned,low,multi_volume_image_unassigned,ice-bar-persik,showcase,,false,on_order,1
IRIB-ICE-BAR-YAGODNYY-1250-PET,Ice Bar Ягодный,"Ice Bar Ягодный, 1,25 л, ПЭТ",Ice Bar,ООО «ИРИБ»,ICE-BAR,Ягодный,YAGODNYY,1250,"1,25 л",ПЭТ,PET,,Холодный чай,kholodnyy-chay,88192b93-0ce7-4b67-b6a5-9cb208a17bbb,mapped,https://irib.su/product/ice-bar-yagodnyj/,,,missing,,,,,,new_product,medium,manual,volume_image_unconfirmed; missing_image; multi_volume_image_unassigned,low,multi_volume_image_unassigned,ice-bar-yagodnyj,showcase,,false,on_order,1
IRIB-ICE-BAR-YAGODNYY-500-PET,Ice Bar Ягодный,"Ice Bar Ягодный, 500 мл, ПЭТ",Ice Bar,ООО «ИРИБ»,ICE-BAR,Ягодный,YAGODNYY,500,500 мл,ПЭТ,PET,,Холодный чай,kholodnyy-chay,88192b93-0ce7-4b67-b6a5-9cb208a17bbb,mapped,https://irib.su/product/ice-bar-yagodnyj/,,,missing,,,,,,new_product,medium,manual,volume_image_unconfirmed; missing_image; multi_volume_image_unassigned,low,multi_volume_image_unassigned,ice-bar-yagodnyj,showcase,,false,on_order,1
IRIB-KVAS-YANTARNYY-1500-PET,Янтарный квас,"Квас Ириб Янтарный, 1,5 л, ПЭТ",Ириб,ООО «ИРИБ»,KVAS,Янтарный,YANTARNYY,1500,"1,5 л",ПЭТ,PET,,Квас,kvas,e1f3f5b4-7b79-4652-8989-82d30cff34a1,mapped,https://irib.su/product/kvas/,,,missing,,,,,,new_product,medium,manual,volume_image_unconfirmed; missing_image; multi_volume_image_unassigned,low,multi_volume_image_unassigned,kvas,showcase,,false,on_order,1
IRIB-KVAS-YANTARNYY-500-PET,Янтарный квас,"Квас Ириб Янтарный, 500 мл, ПЭТ",Ириб,ООО «ИРИБ»,KVAS,Янтарный,YANTARNYY,500,500 мл,ПЭТ,PET,,Квас,kvas,e1f3f5b4-7b79-4652-8989-82d30cff34a1,mapped,https://irib.su/product/kvas/,,,missing,,,,,,new_product,medium,manual,volume_image_unconfirmed; missing_image; multi_volume_image_unassigned,low,multi_volume_image_unassigned,kvas,showcase,,false,on_order,1
IRIB-LIMONAD-PET-APELSIN-UNKNOWN-PET,Лимонад «Апельсин» в ПЭТ,Ириб Апельсин,Ириб,ООО «ИРИБ»,LIMONAD-PET,Апельсин,APELSIN,,,ПЭТ,PET,,Лимонады,limonady,a8af36d2-ef7a-49ce-8aea-42fdf99359ae,mapped,https://irib.su/product/limonad-apelsin-v-pet/,https://irib.su/wp-content/uploads/2023/09/orange-limonad-prev-1.png,artifacts/irib-import/2026-08-05T13-53-00-881Z-stage1/processed/IRIB-LIMONAD-PET-APELSIN-UNKNOWN-PET.webp,exact_low_res,106,380,image/png,cbc275e1fee1bd1425a9aaec8397669d0ab59fd9c9ed2d697df2a9d94fb696d6,94eb8d2d5777ef6861e3f06ee657e9c508a9f815a1839ee88f2b1a91a8b2816b,new_product,medium,manual,volume_unknown,none,volume_unknown,limonad-apelsin-v-pet,showcase,,false,on_order,1
IRIB-LIMONAD-PET-COLA-UNKNOWN-PET,Лимонад «Cola» в ПЭТ,Ириб Cola,Ириб,ООО «ИРИБ»,LIMONAD-PET,Cola,COLA,,,ПЭТ,PET,,Кола,kola,34bee47b-61c3-4e15-81db-75d58ecf018b,mapped,https://irib.su/product/limonad-cola-v-pet/,https://irib.su/wp-content/uploads/2023/09/cola-limonad-prev-1.png,artifacts/irib-import/2026-08-05T13-53-00-881Z-stage1/processed/IRIB-LIMONAD-PET-COLA-UNKNOWN-PET.webp,exact_low_res,108,380,image/png,0b654f715638c92b1d09dd47b91d6ab4d2d20d4840ffc5e2af6e739f34e00f10,0e5acb72ca5519381c9629ed997dc4ecd9825907fb62620c5171df187fba5176,new_product,medium,manual,volume_unknown,none,volume_unknown,limonad-cola-v-pet,showcase,,false,on_order,1
IRIB-LIMONAD-PET-GRUSHA-UNKNOWN-PET,Лимонад «Груша» в ПЭТ,Ириб Груша,Ириб,ООО «ИРИБ»,LIMONAD-PET,Груша,GRUSHA,,,ПЭТ,PET,,Лимонады,limonady,a8af36d2-ef7a-49ce-8aea-42fdf99359ae,mapped,https://irib.su/product/limonad-grusha-v-pet/,https://irib.su/wp-content/uploads/2023/09/grusha-limonad-prev-1.png,artifacts/irib-import/2026-08-05T13-53-00-881Z-stage1/processed/IRIB-LIMONAD-PET-GRUSHA-UNKNOWN-PET.webp,exact_low_res,104,380,image/png,97aa74e453dc407dc08dd8d29660160f982445792cdeca5df051e48a90ed3c2e,5c32c7044b0e8ae472ac9b1a93d4bbd1c0022a841840de625d28514c4bcb6628,new_product,medium,manual,volume_unknown,none,volume_unknown,limonad-grusha-v-pet,showcase,,false,on_order,1
IRIB-LIMONAD-PET-MANGO-UNKNOWN-PET,Лимонад «Манго» в ПЭТ,Ириб Манго,Ириб,ООО «ИРИБ»,LIMONAD-PET,Манго,MANGO,,,ПЭТ,PET,,Лимонады,limonady,a8af36d2-ef7a-49ce-8aea-42fdf99359ae,mapped,https://irib.su/product/limonad-s-mango-v-pet/,https://irib.su/wp-content/uploads/2023/09/mango-limonad-prev-1-1.png,artifacts/irib-import/2026-08-05T13-53-00-881Z-stage1/processed/IRIB-LIMONAD-PET-MANGO-UNKNOWN-PET.webp,exact_low_res,108,380,image/png,4b6fc867f97d85506d9d0ac0c54e9bfa774b5dd4802e728b996f12ad61503ab8,c8572dbdee59f2d0ad367ac84674d8d3ed39afea7513d3db1826ffaa01a3ab94,new_product,medium,manual,volume_unknown,none,volume_unknown,limonad-s-mango-v-pet,showcase,,false,on_order,1
IRIB-LIMONAD-PET-MOHITO-UNKNOWN-PET,Лимонад «Мохито» в ПЭТ,Ириб Мохито,Ириб,ООО «ИРИБ»,LIMONAD-PET,Мохито,MOHITO,,,ПЭТ,PET,,Лимонады,limonady,a8af36d2-ef7a-49ce-8aea-42fdf99359ae,mapped,https://irib.su/product/limonad-mohito-v-pet/,https://irib.su/wp-content/uploads/2023/09/mohto-limonad-prev-1.png,artifacts/irib-import/2026-08-05T13-53-00-881Z-stage1/processed/IRIB-LIMONAD-PET-MOHITO-UNKNOWN-PET.webp,exact_low_res,108,380,image/png,9482444187ee745d5281c3823bc044c1b330e0136f278ab8f5de51f9f83a92aa,dc898016a5855c6ae68a08468036b35abac4514316ce60d998377a94b559ab17,new_product,medium,manual,volume_unknown,none,volume_unknown,limonad-mohito-v-pet,showcase,,false,on_order,1
IRIB-MINDARI-ANANASOM-UNKNOWN-GLASS,Лимонад с ананасом,Mindari ананасом,Mindari,ООО «ИРИБ»,MINDARI,ананасом,ANANASOM,,,стекло,GLASS,,Лимонады,limonady,a8af36d2-ef7a-49ce-8aea-42fdf99359ae,mapped,https://irib.su/product/limonad-s-ananasom/,https://irib.su/wp-content/uploads/2023/09/ananas-limonad.webp,artifacts/irib-import/2026-08-05T13-53-00-881Z-stage1/processed/IRIB-MINDARI-ANANASOM-UNKNOWN-GLASS.webp,exact_low_res,123,380,image/webp,2f66737dddc58a14f94f57c217672cc5e1df5412307c3498215f1e7ae419873e,dfc6d9ac2fc886d07222f8e94b575c0d3ecd3329b5473d2771d1adcbd4837739,new_product,medium,manual,volume_unknown,none,volume_unknown,limonad-s-ananasom,showcase,,false,on_order,1
IRIB-MINDARI-GRUSHEY-UNKNOWN-GLASS,Лимонад с грушей,Mindari грушей,Mindari,ООО «ИРИБ»,MINDARI,грушей,GRUSHEY,,,стекло,GLASS,,Лимонады,limonady,a8af36d2-ef7a-49ce-8aea-42fdf99359ae,mapped,https://irib.su/product/limonad-grusha/,https://irib.su/wp-content/uploads/2023/09/grusha-limonad.webp,artifacts/irib-import/2026-08-05T13-53-00-881Z-stage1/processed/IRIB-MINDARI-GRUSHEY-UNKNOWN-GLASS.webp,exact_low_res,125,380,image/webp,84de07405d71f0a976376a8ca9f35cb8327b91a9bb8bb0f4423942482a3dbc0d,3bb86e744b43db3f3bdfc9996cb449f7897e7441d153ebaa3085d5c6fe4af9c6,new_product,medium,manual,volume_unknown,none,volume_unknown,limonad-grusha,showcase,,false,on_order,1
IRIB-MINDARI-MANGO-UNKNOWN-GLASS,Лимонад с манго,Mindari манго,Mindari,ООО «ИРИБ»,MINDARI,манго,MANGO,,,стекло,GLASS,,Лимонады,limonady,a8af36d2-ef7a-49ce-8aea-42fdf99359ae,mapped,https://irib.su/product/mindari-s-mango/,https://irib.su/wp-content/uploads/2023/09/mango-limonad.png,artifacts/irib-import/2026-08-05T13-53-00-881Z-stage1/processed/IRIB-MINDARI-MANGO-UNKNOWN-GLASS.webp,exact_low_res,130,380,image/png,b808f7f43e10afbc2951c30042340617d3a2b90d5b50b06e22d7cf32eb53d810,934379629f19c1293b852ed7d0f71c05e96b78dbd33d39fb9b98dd68db0867f3,new_product,medium,manual,volume_unknown,none,volume_unknown,mindari-s-mango,showcase,,false,on_order,1
IRIB-MINDARI-MOHITO-UNKNOWN-GLASS,Лимонад мохито,Mindari мохито,Mindari,ООО «ИРИБ»,MINDARI,мохито,MOHITO,,,стекло,GLASS,,Лимонады,limonady,a8af36d2-ef7a-49ce-8aea-42fdf99359ae,mapped,https://irib.su/product/limonad-mohito/,https://irib.su/wp-content/uploads/2023/09/lime-limonad-2.png,artifacts/irib-import/2026-08-05T13-53-00-881Z-stage1/processed/IRIB-MINDARI-MOHITO-UNKNOWN-GLASS.webp,exact_low_res,125,380,image/png,377c86daa6c096ba7ebe2a81e367f43f97f1aa9cd9301a4e35fe7ea4a8c38314,60b1737f9f03a8e50cdb7673fd1aa7002f77120d1f27c1c5e9dd617697c651c8,new_product,medium,manual,volume_unknown,none,volume_unknown,limonad-mohito,showcase,,false,on_order,1
IRIB-MINDARI-SHIPOVNIKOM-UNKNOWN-GLASS,Лимонад с шиповником,Mindari шиповником,Mindari,ООО «ИРИБ»,MINDARI,шиповником,SHIPOVNIKOM,,,стекло,GLASS,,Лимонады,limonady,a8af36d2-ef7a-49ce-8aea-42fdf99359ae,mapped,https://irib.su/product/limonad-s-shipovnikom/,https://irib.su/wp-content/uploads/2023/09/shipovnik-limonad.png,artifacts/irib-import/2026-08-05T13-53-00-881Z-stage1/processed/IRIB-MINDARI-SHIPOVNIKOM-UNKNOWN-GLASS.webp,exact_low_res,125,380,image/png,05b6a6ee92669b2410f6d944773b68cfb664f5c86f4781ba910703a6c27c8eb6,57b36a7f15ca0ebcabbb10dd430496125a8da27c8a2700b169a74093edb62feb,new_product,medium,manual,volume_unknown,none,volume_unknown,limonad-s-shipovnikom,showcase,,false,on_order,1
IRIB-NEKTAR-ABRIKOSOVYY-330-GLASS,Абрикосовый нектар,"Нектар Ириб Абрикосовый, 330 мл, стекло",Ириб,ООО «ИРИБ»,NEKTAR,Абрикосовый,ABRIKOSOVYY,330,330 мл,стекло,GLASS,,Нектар,nektar,46d78cfd-6749-441c-9b27-c7237552cad8,mapped,https://irib.su/product/abrikosovyj-sok/,,,missing,,,,,,probable_match,medium,manual,volume_image_unconfirmed; probable_match; missing_image; multi_volume_image_unassigned,low,multi_volume_image_unassigned,abrikosovyj-sok,showcase,,false,on_order,1
IRIB-NEKTAR-ABRIKOSOVYY-500-GLASS,Абрикосовый нектар,"Нектар Ириб Абрикосовый, 500 мл, стекло",Ириб,ООО «ИРИБ»,NEKTAR,Абрикосовый,ABRIKOSOVYY,500,500 мл,стекло,GLASS,,Нектар,nektar,46d78cfd-6749-441c-9b27-c7237552cad8,mapped,https://irib.su/product/abrikosovyj-sok/,,,missing,,,,,,probable_match,medium,manual,volume_image_unconfirmed; probable_match; missing_image; multi_volume_image_unassigned,low,multi_volume_image_unassigned,abrikosovyj-sok,showcase,,false,on_order,1
IRIB-NEKTAR-ABRIKOSOVYY-750-GLASS,Абрикосовый нектар,"Нектар Ириб Абрикосовый, 750 мл, стекло",Ириб,ООО «ИРИБ»,NEKTAR,Абрикосовый,ABRIKOSOVYY,750,750 мл,стекло,GLASS,,Нектар,nektar,46d78cfd-6749-441c-9b27-c7237552cad8,mapped,https://irib.su/product/abrikosovyj-sok/,,,missing,,,,,,exact_match,medium,manual,volume_image_unconfirmed; exact_match; missing_image; multi_volume_image_unassigned,low,multi_volume_image_unassigned,abrikosovyj-sok,showcase,,false,on_order,1
IRIB-NEKTAR-MANGOVYY-330-GLASS,Манговый нектар,"Нектар Ириб Манговый, 330 мл, стекло",Ириб,ООО «ИРИБ»,NEKTAR,Манговый,MANGOVYY,330,330 мл,стекло,GLASS,,Нектар,nektar,46d78cfd-6749-441c-9b27-c7237552cad8,mapped,https://irib.su/product/irib-mango/,,,missing,,,,,,new_product,medium,manual,volume_image_unconfirmed; missing_image; multi_volume_image_unassigned,low,multi_volume_image_unassigned,irib-mango,showcase,,false,on_order,1
IRIB-NEKTAR-MANGOVYY-500-GLASS,Манговый нектар,"Нектар Ириб Манговый, 500 мл, стекло",Ириб,ООО «ИРИБ»,NEKTAR,Манговый,MANGOVYY,500,500 мл,стекло,GLASS,,Нектар,nektar,46d78cfd-6749-441c-9b27-c7237552cad8,mapped,https://irib.su/product/irib-mango/,,,missing,,,,,,new_product,medium,manual,volume_image_unconfirmed; missing_image; multi_volume_image_unassigned,low,multi_volume_image_unassigned,irib-mango,showcase,,false,on_order,1
IRIB-NEKTAR-PERSIKOVYY-500-GLASS,Персиковый нектар,"Нектар Ириб Персиковый, 500 мл, стекло",Ириб,ООО «ИРИБ»,NEKTAR,Персиковый,PERSIKOVYY,500,500 мл,стекло,GLASS,,Нектар,nektar,46d78cfd-6749-441c-9b27-c7237552cad8,mapped,https://irib.su/product/persikovyj-nektar/,,,missing,,,,,,probable_match,medium,manual,volume_image_unconfirmed; probable_match; missing_image; multi_volume_image_unassigned,low,multi_volume_image_unassigned,persikovyj-nektar,showcase,,false,on_order,1
IRIB-NEKTAR-PERSIKOVYY-750-GLASS,Персиковый нектар,"Нектар Ириб Персиковый, 750 мл, стекло",Ириб,ООО «ИРИБ»,NEKTAR,Персиковый,PERSIKOVYY,750,750 мл,стекло,GLASS,,Нектар,nektar,46d78cfd-6749-441c-9b27-c7237552cad8,mapped,https://irib.su/product/persikovyj-nektar/,,,missing,,,,,,exact_match,medium,manual,volume_image_unconfirmed; exact_match; missing_image; multi_volume_image_unassigned,low,multi_volume_image_unassigned,persikovyj-nektar,showcase,,false,on_order,1
IRIB-NEKTAR-VISHNEVYY-330-GLASS,Вишневый нектар,"Нектар Ириб Вишневый, 330 мл, стекло",Ириб,ООО «ИРИБ»,NEKTAR,Вишневый,VISHNEVYY,330,330 мл,стекло,GLASS,,Нектар,nektar,46d78cfd-6749-441c-9b27-c7237552cad8,mapped,https://irib.su/product/vishnevyj-nektar/,,,missing,,,,,,probable_match,medium,manual,volume_image_unconfirmed; probable_match; missing_image; multi_volume_image_unassigned,low,multi_volume_image_unassigned,vishnevyj-nektar,showcase,,false,on_order,1
IRIB-NEKTAR-VISHNEVYY-500-GLASS,Вишневый нектар,"Нектар Ириб Вишневый, 500 мл, стекло",Ириб,ООО «ИРИБ»,NEKTAR,Вишневый,VISHNEVYY,500,500 мл,стекло,GLASS,,Нектар,nektar,46d78cfd-6749-441c-9b27-c7237552cad8,mapped,https://irib.su/product/vishnevyj-nektar/,,,missing,,,,,,probable_match,medium,manual,volume_image_unconfirmed; probable_match; missing_image; multi_volume_image_unassigned,low,multi_volume_image_unassigned,vishnevyj-nektar,showcase,,false,on_order,1
IRIB-NEKTAR-VISHNEVYY-750-GLASS,Вишневый нектар,"Нектар Ириб Вишневый, 750 мл, стекло",Ириб,ООО «ИРИБ»,NEKTAR,Вишневый,VISHNEVYY,750,750 мл,стекло,GLASS,,Нектар,nektar,46d78cfd-6749-441c-9b27-c7237552cad8,mapped,https://irib.su/product/vishnevyj-nektar/,,,missing,,,,,,exact_match,medium,manual,volume_image_unconfirmed; exact_match; missing_image; multi_volume_image_unassigned,low,multi_volume_image_unassigned,vishnevyj-nektar,showcase,,false,on_order,1
IRIB-NEKTAR-YABLOCHNO-ABRIKOSOVYY-500-GLASS,Яблочно-абрикосовый нектар,"Нектар Ириб Яблочно-абрикосовый, 500 мл, стекло",Ириб,ООО «ИРИБ»,NEKTAR,Яблочно-абрикосовый,YABLOCHNO-ABRIKOSOVYY,500,500 мл,стекло,GLASS,,Нектар,nektar,46d78cfd-6749-441c-9b27-c7237552cad8,mapped,https://irib.su/product/yablochno-abrikosovyj-nektar/,,,missing,,,,,,new_product,medium,manual,volume_image_unconfirmed; missing_image; multi_volume_image_unassigned,low,multi_volume_image_unassigned,yablochno-abrikosovyj-nektar,showcase,,false,on_order,1
IRIB-NEKTAR-YABLOCHNO-ABRIKOSOVYY-750-GLASS,Яблочно-абрикосовый нектар,"Нектар Ириб Яблочно-абрикосовый, 750 мл, стекло",Ириб,ООО «ИРИБ»,NEKTAR,Яблочно-абрикосовый,YABLOCHNO-ABRIKOSOVYY,750,750 мл,стекло,GLASS,,Нектар,nektar,46d78cfd-6749-441c-9b27-c7237552cad8,mapped,https://irib.su/product/yablochno-abrikosovyj-nektar/,,,missing,,,,,,new_product,medium,manual,volume_image_unconfirmed; missing_image; multi_volume_image_unassigned,low,multi_volume_image_unassigned,yablochno-abrikosovyj-nektar,showcase,,false,on_order,1
IRIB-NEKTAR-YABLOCHNYY-500-GLASS,Яблочный нектар,"Нектар Ириб Яблочный, 500 мл, стекло",Ириб,ООО «ИРИБ»,NEKTAR,Яблочный,YABLOCHNYY,500,500 мл,стекло,GLASS,,Нектар,nektar,46d78cfd-6749-441c-9b27-c7237552cad8,mapped,https://irib.su/product/yablochnyj-nektar/,,,missing,,,,,,probable_match,medium,manual,volume_image_unconfirmed; probable_match; missing_image; multi_volume_image_unassigned,low,multi_volume_image_unassigned,yablochnyj-nektar,showcase,,false,on_order,1
IRIB-NEKTAR-YABLOCHNYY-750-GLASS,Яблочный нектар,"Нектар Ириб Яблочный, 750 мл, стекло",Ириб,ООО «ИРИБ»,NEKTAR,Яблочный,YABLOCHNYY,750,750 мл,стекло,GLASS,,Нектар,nektar,46d78cfd-6749-441c-9b27-c7237552cad8,mapped,https://irib.su/product/yablochnyj-nektar/,https://irib.su/wp-content/uploads/2021/04/yablochnyi-nektar-075-PhotoRoom-1.png,artifacts/irib-import/2026-08-05T13-53-00-881Z-stage1/processed/IRIB-NEKTAR-YABLOCHNYY-750-GLASS.webp,exact_low_res,127,366,image/png,2389346f50c52f11ddd4b6b2840e2cb35705eb2c44e32d8eb70cf98dc8607157,90277b762117fd5a7872a93e3b083d459adba1cd8d210d0f39583d426e38a9c8,exact_match,medium,manual,exact_match,high,,yablochnyj-nektar,showcase,,false,on_order,1
IRIB-PROFI-SPORT-BCAA-APELSIN-500-PET,PROFI SPORT BCAA,"PROFI SPORT BCAA Апельсин, 500 мл, ПЭТ",PROFI SPORT,ООО «ИРИБ»,PROFI-SPORT,BCAA Апельсин,BCAA-APELSIN,500,500 мл,ПЭТ,PET,негазированный,,,,manual,https://irib.su/product/bacaa/,https://irib.su/wp-content/uploads/2021/01/profi-zheltyi-PhotoRoom-2.png,artifacts/irib-import/2026-08-05T13-53-00-881Z-stage1/processed/IRIB-PROFI-SPORT-BCAA-APELSIN-500-PET.webp,exact_low_res,95,366,image/png,f9b9fdd4fb6e0a0ff43ed096769f3bf34f065c667f76e13cb1be5b959163bf8c,c98a392a384c961894c9914f10cfaf986e1bd32baed4c56284c6075d747354c4,new_product,medium,manual,category_manual,high,category_manual:sports_bcaa,bacaa,showcase,,false,on_order,1
IRIB-PROFI-SPORT-BCAA-CHERNIKA-UNKNOWN-PET,PROFI SPORT BCAA «Черника»,PROFI SPORT BCAA Черника,PROFI SPORT,ООО «ИРИБ»,PROFI-SPORT,BCAA Черника,BCAA-CHERNIKA,,,ПЭТ,PET,негазированный,,,,manual,https://irib.su/product/profi-sport-bcaa-chernika/,https://irib.su/wp-content/uploads/2024/02/chernika-bcaa-min.webp,artifacts/irib-import/2026-08-05T13-53-00-881Z-stage1/processed/IRIB-PROFI-SPORT-BCAA-CHERNIKA-UNKNOWN-PET.webp,exact_low_res,92,360,image/webp,f440377e2ae5bfba3733207738b6ac804860f4e9485574027e14b5971d47a306,99b1834a4fb5a8c62e6b746f48dbe284e146a90357900ab7501eaf107f80c205,new_product,medium,manual,volume_unknown; category_manual,none,category_manual:sports_bcaa; volume_unknown,profi-sport-bcaa-chernika,showcase,,false,on_order,1
IRIB-PROFI-SPORT-ENERGY-GUARANA-UNKNOWN-PET,PROFI SPORT ENERGY со вкусом гуарана,PROFI SPORT Energy Гуарана,PROFI SPORT,ООО «ИРИБ»,PROFI-SPORT,Energy Гуарана,ENERGY-GUARANA,,,ПЭТ,PET,негазированный,Энергетические напитки,energeticheskie-napitki,a3f3ce9e-00db-4cb4-961d-54e48343b03d,mapped,https://irib.su/product/profi-sport-energy-so-vkusom-guarana/,https://irib.su/wp-content/uploads/2025/02/guarana-kon-1.png,artifacts/irib-import/2026-08-05T13-53-00-881Z-stage1/processed/IRIB-PROFI-SPORT-ENERGY-GUARANA-UNKNOWN-PET.webp,exact_low_res,92,360,image/png,fb96247f9f3ce45fd3deacb5bc83539e538e8c707bd6bd9b7f800a2ced4fdd6b,464a12f4a9713639b534acb00d2ad32a87a1fdd26aa9d0869279820a240e9b08,new_product,medium,manual,volume_unknown,none,volume_unknown,profi-sport-energy-so-vkusom-guarana,showcase,,false,on_order,1
IRIB-PROFI-SPORT-ISOTONIC-GUAVA-500-PET,PROFI SPORT ISOTONIC,"PROFI SPORT Isotonic Гуава, 500 мл, ПЭТ",PROFI SPORT,ООО «ИРИБ»,PROFI-SPORT,Isotonic Гуава,ISOTONIC-GUAVA,500,500 мл,ПЭТ,PET,негазированный,,,,manual,https://irib.su/product/isotonic/,https://irib.su/wp-content/uploads/2021/01/profi-goluboi-PhotoRoom-2.png,artifacts/irib-import/2026-08-05T13-53-00-881Z-stage1/processed/IRIB-PROFI-SPORT-ISOTONIC-GUAVA-500-PET.webp,exact_low_res,96,366,image/png,f22d1bb05cc8589584a4d486c256497c61d66d7cd72bc955c2be87b433225688,5d6503b5d97dafcc3ced995c706d497c1535a9a68688eff8ce0a79f87fbc5c36,new_product,medium,manual,category_manual,high,category_manual:sports_isotonic,isotonic,showcase,,false,on_order,1
IRIB-PROFI-SPORT-L-CARNITINE-UNKNOWN-PET,PROFI SPORT L_CARNITINE,PROFI SPORT L-Carnitine,PROFI SPORT,ООО «ИРИБ»,PROFI-SPORT,L-Carnitine,L-CARNITINE,,,ПЭТ,PET,негазированный,,,,manual,https://irib.su/product/l_carnitine/,https://irib.su/wp-content/uploads/2021/01/profi-krasnaya-PhotoRoom-2.png,artifacts/irib-import/2026-08-05T13-53-00-881Z-stage1/processed/IRIB-PROFI-SPORT-L-CARNITINE-UNKNOWN-PET.webp,exact_low_res,96,366,image/png,1a1392d09d3e2853d4469fdd23b794955fa6e472e024ca069d1f84a0ce732fee,985c4f0943e3440f609f9c908b8170e7127a85078b6cd2e5eea71d5d41eb9623,new_product,medium,manual,volume_unknown; category_manual,none,category_manual:sports_carnitine; volume_unknown,l_carnitine,showcase,,false,on_order,1
IRIB-SELESTA-TARHUN-UNKNOWN-GLASS,Тархун,Selesta Тархун,Selesta,ООО «ИРИБ»,SELESTA,Тархун,TARHUN,,,стекло,GLASS,,Лимонады,limonady,a8af36d2-ef7a-49ce-8aea-42fdf99359ae,mapped,https://irib.su/product/tarhun/,https://irib.su/wp-content/uploads/2020/04/selesta-tarhun366.png,artifacts/irib-import/2026-08-05T13-53-00-881Z-stage1/processed/IRIB-SELESTA-TARHUN-UNKNOWN-GLASS.webp,exact_low_res,111,366,image/png,8b1b0e92506bd2839659733619bbdf4ead9c4d7af5bbce5213e38e8147beec90,64ddbe2c9f3ace749e13e4b2a9883dceeacdc0d5e515675459c3e64c75b50663,new_product,medium,manual,volume_unknown,none,volume_unknown,tarhun,showcase,,false,on_order,1
IRIB-SOK-ANANASOVYY-500-GLASS,Ананасовый сок,"Сок Ириб Ананасовый, 500 мл, стекло",Ириб,ООО «ИРИБ»,SOK,Ананасовый,ANANASOVYY,500,500 мл,стекло,GLASS,,Сок,sok,32a861a6-7c39-4329-b17c-09d3a420f7c2,mapped,https://irib.su/product/sok-ananasovyj/,https://irib.su/wp-content/uploads/2020/04/ananasovyj-05-PhotoRoom-2.png,artifacts/irib-import/2026-08-05T13-53-00-881Z-stage1/processed/IRIB-SOK-ANANASOVYY-500-GLASS.webp,exact_low_res,131,366,image/png,f1a58d66f6948f9534e62960ecf581885de3cb4c2106355e377e089bb2197659,e4e674aeacf836d9dcc4982a3ec6541ce8d618d63227e5bc903dc685e55e5ada,probable_match,medium,manual,probable_match,high,,sok-ananasovyj,showcase,,false,on_order,1
IRIB-SOK-ANANASOVYY-750-GLASS,Ананасовый сок,"Сок Ириб Ананасовый, 750 мл, стекло",Ириб,ООО «ИРИБ»,SOK,Ананасовый,ANANASOVYY,750,750 мл,стекло,GLASS,,Сок,sok,32a861a6-7c39-4329-b17c-09d3a420f7c2,mapped,https://irib.su/product/sok-ananasovyj/,,,missing,,,,,,exact_match,medium,manual,volume_image_unconfirmed; exact_match; missing_image; multi_volume_image_unassigned,low,multi_volume_image_unassigned,sok-ananasovyj,showcase,,false,on_order,1
IRIB-SOK-APELSINOVYY-330-GLASS,Апельсиновый сок,"Сок Ириб Апельсиновый, 330 мл, стекло",Ириб,ООО «ИРИБ»,SOK,Апельсиновый,APELSINOVYY,330,330 мл,стекло,GLASS,,Сок,sok,32a861a6-7c39-4329-b17c-09d3a420f7c2,mapped,https://irib.su/product/apelsinovyj-sok/,,,missing,,,,,,probable_match,medium,manual,volume_image_unconfirmed; probable_match; missing_image; multi_volume_image_unassigned,low,multi_volume_image_unassigned,apelsinovyj-sok,showcase,,false,on_order,1
IRIB-SOK-APELSINOVYY-500-GLASS,Апельсиновый сок,"Сок Ириб Апельсиновый, 500 мл, стекло",Ириб,ООО «ИРИБ»,SOK,Апельсиновый,APELSINOVYY,500,500 мл,стекло,GLASS,,Сок,sok,32a861a6-7c39-4329-b17c-09d3a420f7c2,mapped,https://irib.su/product/apelsinovyj-sok/,,,missing,,,,,,probable_match,medium,manual,volume_image_unconfirmed; probable_match; missing_image; multi_volume_image_unassigned,low,multi_volume_image_unassigned,apelsinovyj-sok,showcase,,false,on_order,1
IRIB-SOK-APELSINOVYY-750-GLASS,Апельсиновый сок,"Сок Ириб Апельсиновый, 750 мл, стекло",Ириб,ООО «ИРИБ»,SOK,Апельсиновый,APELSINOVYY,750,750 мл,стекло,GLASS,,Сок,sok,32a861a6-7c39-4329-b17c-09d3a420f7c2,mapped,https://irib.su/product/apelsinovyj-sok/,,,missing,,,,,,exact_match,medium,manual,volume_image_unconfirmed; exact_match; missing_image; multi_volume_image_unassigned,low,multi_volume_image_unassigned,apelsinovyj-sok,showcase,,false,on_order,1
IRIB-SOK-GRANATOVYY-500-GLASS,Гранатовый сок,"Сок Ириб Гранатовый, 500 мл, стекло",Ириб,ООО «ИРИБ»,SOK,Гранатовый,GRANATOVYY,500,500 мл,стекло,GLASS,,Сок,sok,32a861a6-7c39-4329-b17c-09d3a420f7c2,mapped,https://irib.su/product/granatovyj-sok/,,,missing,,,,,,probable_match,medium,manual,volume_image_unconfirmed; probable_match; missing_image; multi_volume_image_unassigned,low,multi_volume_image_unassigned,granatovyj-sok,showcase,,false,on_order,1
IRIB-SOK-GRANATOVYY-750-GLASS,Гранатовый сок,"Сок Ириб Гранатовый, 750 мл, стекло",Ириб,ООО «ИРИБ»,SOK,Гранатовый,GRANATOVYY,750,750 мл,стекло,GLASS,,Сок,sok,32a861a6-7c39-4329-b17c-09d3a420f7c2,mapped,https://irib.su/product/granatovyj-sok/,,,missing,,,,,,exact_match,medium,manual,volume_image_unconfirmed; exact_match; missing_image; multi_volume_image_unassigned,low,multi_volume_image_unassigned,granatovyj-sok,showcase,,false,on_order,1
IRIB-SOK-MULTIFRUKTOVYY-330-GLASS,Мультифруктовый сок,"Сок Ириб Мультифруктовый, 330 мл, стекло",Ириб,ООО «ИРИБ»,SOK,Мультифруктовый,MULTIFRUKTOVYY,330,330 мл,стекло,GLASS,,Сок,sok,32a861a6-7c39-4329-b17c-09d3a420f7c2,mapped,https://irib.su/product/multifruktovyj-sok/,,,missing,,,,,,new_product,medium,manual,volume_image_unconfirmed; missing_image; multi_volume_image_unassigned,low,multi_volume_image_unassigned,multifruktovyj-sok,showcase,,false,on_order,1
IRIB-SOK-MULTIFRUKTOVYY-500-GLASS,Мультифруктовый сок,"Сок Ириб Мультифруктовый, 500 мл, стекло",Ириб,ООО «ИРИБ»,SOK,Мультифруктовый,MULTIFRUKTOVYY,500,500 мл,стекло,GLASS,,Сок,sok,32a861a6-7c39-4329-b17c-09d3a420f7c2,mapped,https://irib.su/product/multifruktovyj-sok/,,,missing,,,,,,new_product,medium,manual,volume_image_unconfirmed; missing_image; multi_volume_image_unassigned,low,multi_volume_image_unassigned,multifruktovyj-sok,showcase,,false,on_order,1
IRIB-SOK-MULTIFRUKTOVYY-750-GLASS,Мультифруктовый сок,"Сок Ириб Мультифруктовый, 750 мл, стекло",Ириб,ООО «ИРИБ»,SOK,Мультифруктовый,MULTIFRUKTOVYY,750,750 мл,стекло,GLASS,,Сок,sok,32a861a6-7c39-4329-b17c-09d3a420f7c2,mapped,https://irib.su/product/multifruktovyj-sok/,,,missing,,,,,,new_product,medium,manual,volume_image_unconfirmed; missing_image; multi_volume_image_unassigned,low,multi_volume_image_unassigned,multifruktovyj-sok,showcase,,false,on_order,1
IRIB-SOK-TOMATNYY-750-GLASS,Томатный сок прямого отжима,"Сок Ириб Томатный, 750 мл, стекло",Ириб,ООО «ИРИБ»,SOK,Томатный,TOMATNYY,750,750 мл,стекло,GLASS,,Сок,sok,32a861a6-7c39-4329-b17c-09d3a420f7c2,mapped,https://irib.su/product/tomatnyj-sok/,https://irib.su/wp-content/uploads/2020/04/image-19.png,artifacts/irib-import/2026-08-05T13-53-00-881Z-stage1/processed/IRIB-SOK-TOMATNYY-750-GLASS.webp,exact_low_res,128,366,image/png,c0598aa90bd58afecebbcea7407ade9c716de1211149331f7eb52896cc6fb846,ddf790f4bfa72a561835aaa01e21cb0a41c099aa1fbb1eb6db02e279ce8665d1,exact_match,medium,manual,exact_match,high,,tomatnyj-sok,showcase,,false,on_order,1
IRIB-SOK-VINOGRADNYY-330-GLASS,Виноградный сок,"Сок Ириб Виноградный, 330 мл, стекло",Ириб,ООО «ИРИБ»,SOK,Виноградный,VINOGRADNYY,330,330 мл,стекло,GLASS,,Сок,sok,32a861a6-7c39-4329-b17c-09d3a420f7c2,mapped,https://irib.su/product/vinogradnyj-sok/,,,missing,,,,,,probable_match,medium,manual,volume_image_unconfirmed; probable_match; missing_image; multi_volume_image_unassigned,low,multi_volume_image_unassigned,vinogradnyj-sok,showcase,,false,on_order,1
IRIB-SOK-VINOGRADNYY-500-GLASS,Виноградный сок,"Сок Ириб Виноградный, 500 мл, стекло",Ириб,ООО «ИРИБ»,SOK,Виноградный,VINOGRADNYY,500,500 мл,стекло,GLASS,,Сок,sok,32a861a6-7c39-4329-b17c-09d3a420f7c2,mapped,https://irib.su/product/vinogradnyj-sok/,,,missing,,,,,,probable_match,medium,manual,volume_image_unconfirmed; probable_match; missing_image; multi_volume_image_unassigned,low,multi_volume_image_unassigned,vinogradnyj-sok,showcase,,false,on_order,1
IRIB-SOK-VINOGRADNYY-750-GLASS,Виноградный сок,"Сок Ириб Виноградный, 750 мл, стекло",Ириб,ООО «ИРИБ»,SOK,Виноградный,VINOGRADNYY,750,750 мл,стекло,GLASS,,Сок,sok,32a861a6-7c39-4329-b17c-09d3a420f7c2,mapped,https://irib.su/product/vinogradnyj-sok/,,,missing,,,,,,exact_match,medium,manual,volume_image_unconfirmed; exact_match; missing_image; multi_volume_image_unassigned,low,multi_volume_image_unassigned,vinogradnyj-sok,showcase,,false,on_order,1
IRIB-SOK-YABLOCHNYY-330-GLASS,Яблочный сок,"Сок Ириб Яблочный, 330 мл, стекло",Ириб,ООО «ИРИБ»,SOK,Яблочный,YABLOCHNYY,330,330 мл,стекло,GLASS,,Сок,sok,32a861a6-7c39-4329-b17c-09d3a420f7c2,mapped,https://irib.su/product/yablochnyj-sok/,,,missing,,,,,,exact_match,medium,manual,volume_image_unconfirmed; exact_match; missing_image; multi_volume_image_unassigned,low,multi_volume_image_unassigned,yablochnyj-sok,showcase,,false,on_order,1
IRIB-SOK-YABLOCHNYY-500-GLASS,Яблочный сок,"Сок Ириб Яблочный, 500 мл, стекло",Ириб,ООО «ИРИБ»,SOK,Яблочный,YABLOCHNYY,500,500 мл,стекло,GLASS,,Сок,sok,32a861a6-7c39-4329-b17c-09d3a420f7c2,mapped,https://irib.su/product/yablochnyj-sok/,,,missing,,,,,,probable_match,medium,manual,volume_image_unconfirmed; probable_match; missing_image; multi_volume_image_unassigned,low,multi_volume_image_unassigned,yablochnyj-sok,showcase,,false,on_order,1
IRIB-SOK-YABLOCHNYY-750-GLASS,Яблочный сок,"Сок Ириб Яблочный, 750 мл, стекло",Ириб,ООО «ИРИБ»,SOK,Яблочный,YABLOCHNYY,750,750 мл,стекло,GLASS,,Сок,sok,32a861a6-7c39-4329-b17c-09d3a420f7c2,mapped,https://irib.su/product/yablochnyj-sok/,,,missing,,,,,,exact_match,medium,manual,volume_image_unconfirmed; exact_match; missing_image; multi_volume_image_unassigned,low,multi_volume_image_unassigned,yablochnyj-sok,showcase,,false,on_order,1
IRIB-TALIH-SPORT-GRANAT-600-PET,Талих Спорт «Гранат»,"Талих Гранат, 600 мл, ПЭТ",Талих,ООО «ИРИБ»,TALIH-SPORT,Гранат,GRANAT,600,600 мл,ПЭТ,PET,,Газированные напитки,gazirovannye-napitki,a98cf12f-e064-4b67-93ef-0a9fdb47bb71,mapped,https://irib.su/product/818/,https://irib.su/wp-content/uploads/2022/08/2-Talih-sport-granat-06.png,artifacts/irib-import/2026-08-05T13-53-00-881Z-stage1/processed/IRIB-TALIH-SPORT-GRANAT-600-PET.webp,exact_low_res,120,397,image/png,4dbec8c4d06f6ba30b7c7ac43c27cd5172627fedef369718f9a20fa140d91445,612aaf1c2cf6ed3904fcbb295545f95d5b5bafce2fadcc08fdd3e5765b76b242,conflict,medium,manual,title_excerpt_flavor_conflict; conflict,high,title_excerpt_flavor_conflict,818,showcase,,false,on_order,1
IRIB-TARKI-TAU-TARKI-TAU-500-GLASS,Тарки-Тау стекло,"Вода Тарки-Тау Тарки-Тау, 500 мл, стекло",Тарки-Тау,ООО «ИРИБ»,TARKI-TAU,Тарки-Тау,TARKI-TAU,500,500 мл,стекло,GLASS,среднегазированная,Газированная вода,voda-gazirovannaya,81730d5f-f669-4ea0-b6af-e0f7d645a8fa,mapped,https://irib.su/product/tarki-tau-steklo/,https://irib.su/wp-content/uploads/2022/10/image-33.png,artifacts/irib-import/2026-08-05T13-53-00-881Z-stage1/processed/IRIB-TARKI-TAU-TARKI-TAU-500-GLASS.webp,exact_low_res,97,345,image/png,a4c34607f0ef961b10ed1e63eba574b1c4ddf643775ee9500cf7b2993faaa67c,09a50b23ea1645785794a33ea7374eb605721a22a1967401f3d4911f019bd4ca,exact_match,medium,manual,exact_match,high,,tarki-tau-steklo,showcase,,false,on_order,1
