page,url,http_status,bytes,count
home,https://irib.su/,200,85362,
sitemap,https://irib.su/sitemap.xml,200,12844,
robots,https://irib.su/robots.txt,200,553,
o-kompanii,https://irib.su/o-kompanii/,200,52228,
katalog,https://irib.su/catalog/katalog-produktsii/,200,40396,
catalog:chai-holodnyj,https://irib.su/catalog/chai-holodnyj/,200,34705,
catalog:cok,https://irib.su/catalog/cok/,200,38450,
catalog:gold-grand,https://irib.su/catalog/gold-grand/,200,34906,
catalog:katalog-produktsii,https://irib.su/catalog/katalog-produktsii/,200,40396,
catalog:kvas,https://irib.su/catalog/kvas/,200,28055,
catalog:limonad,https://irib.su/catalog/limonad/,200,29414,
catalog:limonadi-v-pet,https://irib.su/catalog/limonadi-v-pet/,200,32652,
catalog:limonadi-v-stekle,https://irib.su/catalog/limonadi-v-stekle/,200,34579,
catalog:limonadi,https://irib.su/catalog/limonadi/,200,25113,
catalog:mineral-water,https://irib.su/catalog/mineral-water/,200,28582,
catalog:nektar,https://irib.su/catalog/nektar/,200,40327,
catalog:soki-i-nektary,https://irib.su/catalog/soki-i-nektary/,200,30406,
catalog:sportivnye-napitki,https://irib.su/catalog/sportivnye-napitki/,200,38397,
catalog:voda,https://irib.su/catalog/voda/,200,42936,
wp-json/product,https://irib.su/wp-json/wp/v2/product?per_page=100,200,122030,68
product:profi-sport-energy-so-vkusom-guarana,https://irib.su/product/profi-sport-energy-so-vkusom-guarana/,200,36812,
product:profi-sport-bcaa-chernika,https://irib.su/product/profi-sport-bcaa-chernika/,200,37738,
product:limonad-mohito,https://irib.su/product/limonad-mohito/,200,35561,
product:limonad-grusha-v-pet,https://irib.su/product/limonad-grusha-v-pet/,200,35628,
product:limonad-mohito-v-pet,https://irib.su/product/limonad-mohito-v-pet/,200,35679,
product:limonad-apelsin-v-pet,https://irib.su/product/limonad-apelsin-v-pet/,200,35622,
product:limonad-cola-v-pet,https://irib.su/product/limonad-cola-v-pet/,200,35562,
product:limonad-s-mango-v-pet,https://irib.su/product/limonad-s-mango-v-pet/,200,35663,
product:limonad-s-ananasom,https://irib.su/product/limonad-s-ananasom/,200,35620,
product:limonad-grusha,https://irib.su/product/limonad-grusha/,200,35441,
product:limonad-s-shipovnikom,https://irib.su/product/limonad-s-shipovnikom/,200,35659,
product:mindari-s-mango,https://irib.su/product/mindari-s-mango/,200,35505,
product:rodnikovaya-svezhest-3,https://irib.su/product/rodnikovaya-svezhest-3/,200,37613,
product:ice-bar-mango-klubnika,https://irib.su/product/ice-bar-mango-klubnika/,200,31368,
product:multifruktovyj-sok,https://irib.su/product/multifruktovyj-sok/,200,36129,
product:818,https://irib.su/product/818/,200,37257,
product:irib-mango,https://irib.su/product/irib-mango/,200,37205,
product:tarki-tau-steklo,https://irib.su/product/tarki-tau-steklo/,200,31511,
product:rodnikovaya-svezhest-2,https://irib.su/product/rodnikovaya-svezhest-2/,200,39487,
product:apelsinovyj-sok,https://irib.su/product/apelsinovyj-sok/,200,39691,
product:ananas-0-6l,https://irib.su/product/ananas-0-6l/,200,39523,
product:grusha-0-6l,https://irib.su/product/grusha-0-6l/,200,40333,
product:multifrukt-0-6l,https://irib.su/product/multifrukt-0-6l/,200,39649,
product:mohito-0-6l-negazirovannyj,https://irib.su/product/mohito-0-6l-negazirovannyj/,200,39726,
product:mohito-0-6l,https://irib.su/product/mohito-0-6l/,200,40344,
product:tarhun-3,https://irib.su/product/tarhun-3/,200,32346,
product:yablochnyj-sok-3l,https://irib.su/product/yablochnyj-sok-3l/,200,39182,
product:yablochnyj-nektar,https://irib.su/product/yablochnyj-nektar/,200,46472,
product:yablochno-abrikosovyj-nektar-3l,https://irib.su/product/yablochno-abrikosovyj-nektar-3l/,200,42540,
product:yablochnyj-nektar-3l,https://irib.su/product/yablochnyj-nektar-3l/,200,41169,
product:abrikosovyj-nektar,https://irib.su/product/abrikosovyj-nektar/,200,39370,
product:multifrukt-2,https://irib.su/product/multifrukt-2/,200,36572,
product:isotonic,https://irib.su/product/isotonic/,200,39230,
product:energy,https://irib.su/product/energy/,200,37502,
product:bacaa,https://irib.su/product/bacaa/,200,40160,
product:l_carnitine,https://irib.su/product/l_carnitine/,200,38319,
product:bro-lemon-tarhun,https://irib.su/product/bro-lemon-tarhun/,200,34231,
product:bro-lemon-apelsin,https://irib.su/product/bro-lemon-apelsin/,200,34254,
product:bro-lemon-ananas,https://irib.su/product/bro-lemon-ananas/,200,34231,
product:bro-lemon-multifrukt,https://irib.su/product/bro-lemon-multifrukt/,200,34280,
product:ice-bar-persik,https://irib.su/product/ice-bar-persik/,200,38731,
product:bro-lemon-mahito,https://irib.su/product/bro-lemon-mahito/,200,34231,
product:rodnichok,https://irib.su/product/rodnichok/,200,38380,
product:ice-bar-yagodnyj,https://irib.su/product/ice-bar-yagodnyj/,200,38567,
product:bro-lemon-cola,https://irib.su/product/bro-lemon-cola/,200,34223,
product:bro-lemon-grusha,https://irib.su/product/bro-lemon-grusha/,200,34323,
product:kvas,https://irib.su/product/kvas/,200,38197,
product:tarhun,https://irib.su/product/tarhun/,200,35399,
product:shipovnik,https://irib.su/product/shipovnik/,200,35370,
product:mohito,https://irib.su/product/mohito/,200,34217,
product:granat,https://irib.su/product/granat/,200,34166,
product:grusha,https://irib.su/product/grusha/,200,34217,
product:ananas,https://irib.su/product/ananas/,200,34218,
product:rodnikovaya-sport-limon-0-6l,https://irib.su/product/rodnikovaya-sport-limon-0-6l/,200,40445,
product:rodnikovaya-svezhest,https://irib.su/product/rodnikovaya-svezhest/,200,36074,
product:rodnikovaya-sport-klubnika-0-6l,https://irib.su/product/rodnikovaya-sport-klubnika-0-6l/,200,35453,
product:rodnikovaya-sport-0-6l,https://irib.su/product/rodnikovaya-sport-0-6l/,200,43015,
product:rodnikovaya-svezhest-0-5l-2,https://irib.su/product/rodnikovaya-svezhest-0-5l-2/,200,34686,
product:rodnikovaya-svezhest-6l,https://irib.su/product/rodnikovaya-svezhest-6l/,200,35986,
product:yablochno-abrikosovyj-nektar,https://irib.su/product/yablochno-abrikosovyj-nektar/,200,40676,
product:vishnevyj-nektar,https://irib.su/product/vishnevyj-nektar/,200,40538,
product:persikovyj-nektar,https://irib.su/product/persikovyj-nektar/,200,40925,
product:yablochnyj-sok,https://irib.su/product/yablochnyj-sok/,200,40638,
product:granatovyj-sok,https://irib.su/product/granatovyj-sok/,200,38269,
product:vinogradnyj-sok,https://irib.su/product/vinogradnyj-sok/,200,37978,
product:tomatnyj-sok,https://irib.su/product/tomatnyj-sok/,200,40008,
product:sok-ananasovyj,https://irib.su/product/sok-ananasovyj/,200,39807,
product:abrikosovyj-sok,https://irib.su/product/abrikosovyj-sok/,200,40787,
