sku,name,brand,category,volume_text,package_type,description,sales_status,active_flag,price_amount
AQUALANIA-PREMIUM-BARBARIS-500-GLASS,"AquAlania Барбарис, 0,5 л, стекло",AquAlania,Лимонады,"0,5 л",стекло,"Производитель: ООО «Константа-7»
Бренд: AquAlania
Вкус: Барбарис
Линейка: PREMIUM
Источник (сайт): https://aqualania.ru/product
Импорт: AquAlania official site (showcase, без цены, заказ недоступен)",showcase,active,""
AQUALANIA-PREMIUM-DYNYA-MYATA-500-GLASS,"AquAlania Дыня-Мята, 0,5 л, стекло",AquAlania,Лимонады,"0,5 л",стекло,"Производитель: ООО «Константа-7»
Бренд: AquAlania
Вкус: Дыня-Мята
Линейка: PREMIUM
Источник (сайт): https://aqualania.ru/product
Импорт: AquAlania official site (showcase, без цены, заказ недоступен)",showcase,active,""
AQUALANIA-PREMIUM-FEYHOA-500-GLASS,"AquAlania Фейхоа, 0,5 л, стекло",AquAlania,Лимонады,"0,5 л",стекло,"Производитель: ООО «Константа-7»
Бренд: AquAlania
Вкус: Фейхоа
Линейка: PREMIUM
Источник (сайт): https://aqualania.ru/product
Импорт: AquAlania official site (showcase, без цены, заказ недоступен)",showcase,active,""
AQUALANIA-PREMIUM-GRUSHA-500-GLASS,"AquAlania Груша, 0,5 л, стекло",AquAlania,Лимонады,"0,5 л",стекло,"Производитель: ООО «Константа-7»
Бренд: AquAlania
Вкус: Груша
Линейка: PREMIUM
Источник (сайт): https://aqualania.ru/product
Импорт: AquAlania official site (showcase, без цены, заказ недоступен)",showcase,active,""
AQUALANIA-PREMIUM-IGRISTOE-500-GLASS,"Напиток газированный AquAlania Игристое, 0,5 л, стекло",AquAlania,Лимонады,"0,5 л",стекло,"Производитель: ООО «Константа-7»
Бренд: AquAlania
Вкус: Игристое
Линейка: PREMIUM
Источник (сайт): https://aqualania.ru/product
Импорт: AquAlania official site (showcase, без цены, заказ недоступен)",showcase,active,""
AQUALANIA-PREMIUM-KOLA-500-GLASS,"AquAlania Кола, 0,5 л, стекло",AquAlania,Кола,"0,5 л",стекло,"Производитель: ООО «Константа-7»
Бренд: AquAlania
Вкус: Кола
Линейка: PREMIUM
Источник (сайт): https://aqualania.ru/product
Импорт: AquAlania official site (showcase, без цены, заказ недоступен)",showcase,active,""
AQUALANIA-PREMIUM-LIMONAD-500-GLASS,"AquAlania Лимонад, 0,5 л, стекло",AquAlania,Лимонады,"0,5 л",стекло,"Производитель: ООО «Константа-7»
Бренд: AquAlania
Вкус: Лимонад
Линейка: PREMIUM
Источник (сайт): https://aqualania.ru/product
Импорт: AquAlania official site (showcase, без цены, заказ недоступен)",showcase,active,""
AQUALANIA-PREMIUM-MANGO-VINOGRAD-500-GLASS,"AquAlania Манго-Виноград, 0,5 л, стекло",AquAlania,Лимонады,"0,5 л",стекло,"Производитель: ООО «Константа-7»
Бренд: AquAlania
Вкус: Манго-Виноград
Линейка: PREMIUM
Источник (сайт): https://aqualania.ru/product
Импорт: AquAlania official site (showcase, без цены, заказ недоступен)",showcase,active,""
AQUALANIA-PREMIUM-SAPERAVI-500-GLASS,"AquAlania Саперави, 0,5 л, стекло",AquAlania,Лимонады,"0,5 л",стекло,"Производитель: ООО «Константа-7»
Бренд: AquAlania
Вкус: Саперави
Линейка: PREMIUM
Источник (сайт): https://aqualania.ru/product
Импорт: AquAlania official site (showcase, без цены, заказ недоступен)",showcase,active,""
AQUALANIA-PREMIUM-SLIVA-500-GLASS,"AquAlania Слива, 0,5 л, стекло",AquAlania,Лимонады,"0,5 л",стекло,"Производитель: ООО «Константа-7»
Бренд: AquAlania
Вкус: Слива
Линейка: PREMIUM
Источник (сайт): https://aqualania.ru/product
Импорт: AquAlania official site (showcase, без цены, заказ недоступен)",showcase,active,""
AQUALANIA-PREMIUM-TARHUN-500-GLASS,"AquAlania Тархун, 0,5 л, стекло",AquAlania,Лимонады,"0,5 л",стекло,"Производитель: ООО «Константа-7»
Бренд: AquAlania
Вкус: Тархун
Линейка: PREMIUM
Источник (сайт): https://aqualania.ru/product
Импорт: AquAlania official site (showcase, без цены, заказ недоступен)",showcase,active,""
BAVARIA-AVARAL-AVARAL-450-GLASS,"Вода питьевая Аварал, 0,45 л, стекло",Аварал,Питьевая вода,"0,45 л",стекло,"Производитель: ГК ПД «Бавария»
Бренд: Аварал
Вкус: Аварал
Источник (сайт): https://www.bavaria-group.ru/beer-product/avaral
PDF буклет: BAVARIA-CATALOG-2026.pdf sha256=e93756ed45acecb1335e562aa4f9d455899c0b846fb9bb1bc6b3f33af436da93
Импорт: Bavaria non-alcoholic catalog (showcase, без цены, заказ недоступен)",showcase,active,""
BAVARIA-AYVA-AYVA-STILL-500-GLASS,"Вода питьевая Айва негазированная, 0,5 л, стекло",Айва,Питьевая вода,"0,5 л",стекло,"Производитель: ГК ПД «Бавария»
Бренд: Айва
Вкус: Айва
Источник (сайт): https://www.bavaria-group.ru/beer-product/ajva
PDF буклет: BAVARIA-CATALOG-2026.pdf sha256=e93756ed45acecb1335e562aa4f9d455899c0b846fb9bb1bc6b3f33af436da93
Импорт: Bavaria non-alcoholic catalog (showcase, без цены, заказ недоступен)",showcase,active,""
BAVARIA-BAVARIYA-ELF-450-GLASS,"Пиво безалкогольное Бавария Elf, 0,45 л, стекло",Бавария,Безалкогольное пиво,"0,45 л",стекло,"Производитель: ГК ПД «Бавария»
Бренд: Бавария
Вкус: Elf
Источник (сайт): https://www.bavaria-group.ru/beer-product/elf-bezalkogolnoe
PDF буклет: BAVARIA-CATALOG-2026.pdf sha256=e93756ed45acecb1335e562aa4f9d455899c0b846fb9bb1bc6b3f33af436da93
Импорт: Bavaria non-alcoholic catalog (showcase, без цены, заказ недоступен)",showcase,active,""
BAVARIA-BAVARIYA-GALLAGHER-NA-450-GLASS,"Пиво безалкогольное Бавария Gallagher, 0,45 л, стекло",Бавария,Безалкогольное пиво,"0,45 л",стекло,"Производитель: ГК ПД «Бавария»
Бренд: Бавария
Вкус: Gallagher
Источник (сайт): https://www.bavaria-group.ru
PDF буклет: BAVARIA-CATALOG-2026.pdf sha256=e93756ed45acecb1335e562aa4f9d455899c0b846fb9bb1bc6b3f33af436da93
Импорт: Bavaria non-alcoholic catalog (showcase, без цены, заказ недоступен)",showcase,active,""
BAVARIA-BAVARIYA-GRUSHA-450-GLASS,"Напиток газированный Бавария Груша, 0,45 л, стекло",Бавария,Газированные напитки,"0,45 л",стекло,"Производитель: ГК ПД «Бавария»
Бренд: Бавария
Вкус: Груша
Источник (сайт): https://www.bavaria-group.ru/beer-product/sladkie-gazirovannye-napitki
PDF буклет: BAVARIA-CATALOG-2026.pdf sha256=e93756ed45acecb1335e562aa4f9d455899c0b846fb9bb1bc6b3f33af436da93
Импорт: Bavaria non-alcoholic catalog (showcase, без цены, заказ недоступен)",showcase,active,""
BAVARIA-BAVARIYA-KOLA-PREMIUM-LE-330-GLASS,"Напиток газированный Бавария Кола Premium LIMITED EDITION газированная, 0,33 л, стекло",Бавария,Газированные напитки,"0,33 л",стекло,"Производитель: ГК ПД «Бавария»
Бренд: Бавария
Вкус: Кола Premium LIMITED EDITION
Источник (сайт): https://www.bavaria-group.ru/beer-product/kola-limited-edition
PDF буклет: BAVARIA-CATALOG-2026.pdf sha256=e93756ed45acecb1335e562aa4f9d455899c0b846fb9bb1bc6b3f33af436da93
Импорт: Bavaria non-alcoholic catalog (showcase, без цены, заказ недоступен)",showcase,active,""
BAVARIA-BAVARIYA-KOLA-PREMIUM-LE-500-GLASS,"Напиток газированный Бавария Кола Premium LIMITED EDITION газированная, 0,5 л, стекло",Бавария,Газированные напитки,"0,5 л",стекло,"Производитель: ГК ПД «Бавария»
Бренд: Бавария
Вкус: Кола Premium LIMITED EDITION
Источник (сайт): https://www.bavaria-group.ru/beer-product/kola-limited-edition
PDF буклет: BAVARIA-CATALOG-2026.pdf sha256=e93756ed45acecb1335e562aa4f9d455899c0b846fb9bb1bc6b3f33af436da93
Импорт: Bavaria non-alcoholic catalog (showcase, без цены, заказ недоступен)",showcase,active,""
BAVARIA-BAVARIYA-MOHITO-450-GLASS,"Напиток газированный Бавария Мохито, 0,45 л, стекло",Бавария,Газированные напитки,"0,45 л",стекло,"Производитель: ГК ПД «Бавария»
Бренд: Бавария
Вкус: Мохито
Источник (сайт): https://www.bavaria-group.ru/beer-product/sladkie-gazirovannye-napitki
PDF буклет: BAVARIA-CATALOG-2026.pdf sha256=e93756ed45acecb1335e562aa4f9d455899c0b846fb9bb1bc6b3f33af436da93
Импорт: Bavaria non-alcoholic catalog (showcase, без цены, заказ недоступен)",showcase,active,""
BAVARIA-BAVARIYA-PITAHAYYA-450-GLASS,"Напиток газированный Бавария Питахайя, 0,45 л, стекло",Бавария,Газированные напитки,"0,45 л",стекло,"Производитель: ГК ПД «Бавария»
Бренд: Бавария
Вкус: Питахайя
Источник (сайт): https://www.bavaria-group.ru/beer-product/sladkie-gazirovannye-napitki
PDF буклет: BAVARIA-CATALOG-2026.pdf sha256=e93756ed45acecb1335e562aa4f9d455899c0b846fb9bb1bc6b3f33af436da93
Импорт: Bavaria non-alcoholic catalog (showcase, без цены, заказ недоступен)",showcase,active,""
BAVARIA-BAVARIYA-PREMIUM-APELSIN-500-GLASS,"Напиток газированный Бавария Premium Апельсин, 0,5 л, стекло",Бавария,Газированные напитки,"0,5 л",стекло,"Производитель: ГК ПД «Бавария»
Бренд: Бавария
Вкус: Апельсин
Источник (сайт): https://www.bavaria-group.ru/beer-product/sladkie-gazirovannye-napitki-premium
PDF буклет: BAVARIA-CATALOG-2026.pdf sha256=e93756ed45acecb1335e562aa4f9d455899c0b846fb9bb1bc6b3f33af436da93
Импорт: Bavaria non-alcoholic catalog (showcase, без цены, заказ недоступен)",showcase,active,""
BAVARIA-BAVARIYA-PREMIUM-FEYHOA-500-GLASS,"Напиток газированный Бавария Premium Фейхоа, 0,5 л, стекло",Бавария,Газированные напитки,"0,5 л",стекло,"Производитель: ГК ПД «Бавария»
Бренд: Бавария
Вкус: Фейхоа
Источник (сайт): https://www.bavaria-group.ru/beer-product/sladkie-gazirovannye-napitki-premium
PDF буклет: BAVARIA-CATALOG-2026.pdf sha256=e93756ed45acecb1335e562aa4f9d455899c0b846fb9bb1bc6b3f33af436da93
Импорт: Bavaria non-alcoholic catalog (showcase, без цены, заказ недоступен)",showcase,active,""
BAVARIA-BAVARIYA-PREMIUM-GRANAT-500-GLASS,"Напиток газированный Бавария Premium Гранат, 0,5 л, стекло",Бавария,Газированные напитки,"0,5 л",стекло,"Производитель: ГК ПД «Бавария»
Бренд: Бавария
Вкус: Гранат
Источник (сайт): https://www.bavaria-group.ru/beer-product/sladkie-gazirovannye-napitki-premium
PDF буклет: BAVARIA-CATALOG-2026.pdf sha256=e93756ed45acecb1335e562aa4f9d455899c0b846fb9bb1bc6b3f33af436da93
Импорт: Bavaria non-alcoholic catalog (showcase, без цены, заказ недоступен)",showcase,active,""
BAVARIA-BAVARIYA-PREMIUM-GRUSHA-500-GLASS,"Напиток газированный Бавария Premium Груша, 0,5 л, стекло",Бавария,Газированные напитки,"0,5 л",стекло,"Производитель: ГК ПД «Бавария»
Бренд: Бавария
Вкус: Груша
Источник (сайт): https://www.bavaria-group.ru/beer-product/sladkie-gazirovannye-napitki-premium
PDF буклет: BAVARIA-CATALOG-2026.pdf sha256=e93756ed45acecb1335e562aa4f9d455899c0b846fb9bb1bc6b3f33af436da93
Импорт: Bavaria non-alcoholic catalog (showcase, без цены, заказ недоступен)",showcase,active,""
BAVARIA-BAVARIYA-PREMIUM-TARHUN-500-GLASS,"Напиток газированный Бавария Premium Тархун, 0,5 л, стекло",Бавария,Газированные напитки,"0,5 л",стекло,"Производитель: ГК ПД «Бавария»
Бренд: Бавария
Вкус: Тархун
Источник (сайт): https://www.bavaria-group.ru/beer-product/sladkie-gazirovannye-napitki-premium
PDF буклет: BAVARIA-CATALOG-2026.pdf sha256=e93756ed45acecb1335e562aa4f9d455899c0b846fb9bb1bc6b3f33af436da93
Импорт: Bavaria non-alcoholic catalog (showcase, без цены, заказ недоступен)",showcase,active,""
BAVARIA-BAVARIYA-PREMIUM-VINOGRAD-500-GLASS,"Напиток газированный Бавария Premium Виноград, 0,5 л, стекло",Бавария,Газированные напитки,"0,5 л",стекло,"Производитель: ГК ПД «Бавария»
Бренд: Бавария
Вкус: Виноград
Источник (сайт): https://www.bavaria-group.ru/beer-product/sladkie-gazirovannye-napitki-premium
PDF буклет: BAVARIA-CATALOG-2026.pdf sha256=e93756ed45acecb1335e562aa4f9d455899c0b846fb9bb1bc6b3f33af436da93
Импорт: Bavaria non-alcoholic catalog (showcase, без цены, заказ недоступен)",showcase,active,""
BAVARIA-BAVARIYA-PREMIUM-VISHNYA-500-GLASS,"Напиток газированный Бавария Premium Вишня, 0,5 л, стекло",Бавария,Газированные напитки,"0,5 л",стекло,"Производитель: ГК ПД «Бавария»
Бренд: Бавария
Вкус: Вишня
Источник (сайт): https://www.bavaria-group.ru/beer-product/sladkie-gazirovannye-napitki-premium
PDF буклет: BAVARIA-CATALOG-2026.pdf sha256=e93756ed45acecb1335e562aa4f9d455899c0b846fb9bb1bc6b3f33af436da93
Импорт: Bavaria non-alcoholic catalog (showcase, без цены, заказ недоступен)",showcase,active,""
BAVARIA-BAVARIYA-RETRO-RODNYE-OGONKI-450-GLASS,"Напиток газированный Бавария Родные Огоньки газированная, 0,45 л, стекло",Бавария,Газированные напитки,"0,45 л",стекло,"Производитель: ГК ПД «Бавария»
Бренд: Бавария
Вкус: Родные Огоньки
Источник (сайт): https://www.bavaria-group.ru/beer-product/sladkij-silnogazirovannyj-napitok-cajka
PDF буклет: BAVARIA-CATALOG-2026.pdf sha256=e93756ed45acecb1335e562aa4f9d455899c0b846fb9bb1bc6b3f33af436da93
Импорт: Bavaria non-alcoholic catalog (showcase, без цены, заказ недоступен)",showcase,active,""
BAVARIA-BAVARIYA-RETRO-YUZHNAYA-CHAYKA-450-GLASS,"Напиток газированный Бавария Южная Чайка газированная, 0,45 л, стекло",Бавария,Газированные напитки,"0,45 л",стекло,"Производитель: ГК ПД «Бавария»
Бренд: Бавария
Вкус: Южная Чайка
Источник (сайт): https://www.bavaria-group.ru/beer-product/sladkij-silnogazirovannyj-napitok-cajka
PDF буклет: BAVARIA-CATALOG-2026.pdf sha256=e93756ed45acecb1335e562aa4f9d455899c0b846fb9bb1bc6b3f33af436da93
Импорт: Bavaria non-alcoholic catalog (showcase, без цены, заказ недоступен)",showcase,active,""
BAVARIA-BAVARIYA-RETRO-ZAPOVEDNAYA-TAYGA-450-GLASS,"Напиток газированный Бавария Заповедная Тайга газированная, 0,45 л, стекло",Бавария,Газированные напитки,"0,45 л",стекло,"Производитель: ГК ПД «Бавария»
Бренд: Бавария
Вкус: Заповедная Тайга
Источник (сайт): https://www.bavaria-group.ru/beer-product/sladkij-silnogazirovannyj-napitok-cajka
PDF буклет: BAVARIA-CATALOG-2026.pdf sha256=e93756ed45acecb1335e562aa4f9d455899c0b846fb9bb1bc6b3f33af436da93
Импорт: Bavaria non-alcoholic catalog (showcase, без цены, заказ недоступен)",showcase,active,""
BAVARIA-BAVARIYA-SVETLOE-450-GLASS,"Пиво безалкогольное Бавария Светлое, 0,45 л, стекло",Бавария,Безалкогольное пиво,"0,45 л",стекло,"Производитель: ГК ПД «Бавария»
Бренд: Бавария
Вкус: Светлое
Источник (сайт): https://www.bavaria-group.ru/beer-product/svetloe-bezalkogolnoe
PDF буклет: BAVARIA-CATALOG-2026.pdf sha256=e93756ed45acecb1335e562aa4f9d455899c0b846fb9bb1bc6b3f33af436da93
Импорт: Bavaria non-alcoholic catalog (showcase, без цены, заказ недоступен)",showcase,active,""
BAVARIA-BAVARIYA-TARHUN-450-GLASS,"Напиток газированный Бавария Тархун, 0,45 л, стекло",Бавария,Газированные напитки,"0,45 л",стекло,"Производитель: ГК ПД «Бавария»
Бренд: Бавария
Вкус: Тархун
Источник (сайт): https://www.bavaria-group.ru/beer-product/sladkie-gazirovannye-napitki
PDF буклет: BAVARIA-CATALOG-2026.pdf sha256=e93756ed45acecb1335e562aa4f9d455899c0b846fb9bb1bc6b3f33af436da93
Импорт: Bavaria non-alcoholic catalog (showcase, без цены, заказ недоступен)",showcase,active,""
BAVARIA-COLALE-COLA-LE-450-GLASS,"Напиток газированный Cola Limited Edition газированная, 0,45 л, стекло",Cola Limited Edition,Газированные напитки,"0,45 л",стекло,"Производитель: ГК ПД «Бавария»
Бренд: Cola Limited Edition
Вкус: Cola Limited Edition
Источник (сайт): https://www.bavaria-group.ru/beer-product/cola-limited-edition
PDF буклет: BAVARIA-CATALOG-2026.pdf sha256=e93756ed45acecb1335e562aa4f9d455899c0b846fb9bb1bc6b3f33af436da93
Импорт: Bavaria non-alcoholic catalog (showcase, без цены, заказ недоступен)",showcase,active,""
BAVARIA-DREAMIX-BITTER-LEMON-330-GLASS,"Тоник Dreamix Bitter Lemon, 0,33 л, стекло",Dreamix,Тоники,"0,33 л",стекло,"Производитель: ГК ПД «Бавария»
Бренд: Dreamix
Вкус: Bitter Lemon
Источник (сайт): https://www.bavaria-group.ru/beer-product/dreamix
PDF буклет: BAVARIA-CATALOG-2026.pdf sha256=e93756ed45acecb1335e562aa4f9d455899c0b846fb9bb1bc6b3f33af436da93
Импорт: Bavaria non-alcoholic catalog (showcase, без цены, заказ недоступен)",showcase,active,""
BAVARIA-DREAMIX-INDIAN-TONIK-330-GLASS,"Тоник Dreamix Indian Tonic, 0,33 л, стекло",Dreamix,Тоники,"0,33 л",стекло,"Производитель: ГК ПД «Бавария»
Бренд: Dreamix
Вкус: Indian Tonic
Источник (сайт): https://www.bavaria-group.ru/beer-product/dreamix
PDF буклет: BAVARIA-CATALOG-2026.pdf sha256=e93756ed45acecb1335e562aa4f9d455899c0b846fb9bb1bc6b3f33af436da93
Импорт: Bavaria non-alcoholic catalog (showcase, без цены, заказ недоступен)",showcase,active,""
BAVARIA-GORNAYA-VODA-GORNAA-VODA-GAZIROVANNAYA-450-GLASS,"Вода питьевая Горная вода газированная, 0,45 л, стекло",Горная вода,Питьевая вода,"0,45 л",стекло,"Производитель: ГК ПД «Бавария»
Бренд: Горная вода
Источник (сайт): https://www.bavaria-group.ru/beer-product/gornaa-voda
PDF буклет: BAVARIA-CATALOG-2026.pdf sha256=e93756ed45acecb1335e562aa4f9d455899c0b846fb9bb1bc6b3f33af436da93
Импорт: Bavaria non-alcoholic catalog (showcase, без цены, заказ недоступен)",showcase,active,""
BAVARIA-GORNAYA-VODA-GORNAA-VODA-NEGAZIROVANNAYA-450-GLASS,"Вода питьевая Горная вода негазированная, 0,45 л, стекло",Горная вода,Питьевая вода,"0,45 л",стекло,"Производитель: ГК ПД «Бавария»
Бренд: Горная вода
Источник (сайт): https://www.bavaria-group.ru/beer-product/gornaa-voda
PDF буклет: BAVARIA-CATALOG-2026.pdf sha256=e93756ed45acecb1335e562aa4f9d455899c0b846fb9bb1bc6b3f33af436da93
Импорт: Bavaria non-alcoholic catalog (showcase, без цены, заказ недоступен)",showcase,active,""
BAVARIA-KAZBEK-AQUA-ZAGOLOVOK-PRODUKTA-330-GLASS,"Вода минеральная Kazbek-Aqua, 0,33 л, стекло",Kazbek-Aqua,Минеральная вода,"0,33 л",стекло,"Производитель: ГК ПД «Бавария»
Бренд: Kazbek-Aqua
Источник (сайт): https://www.bavaria-group.ru/beer-product/zagolovok-produkta
PDF буклет: BAVARIA-CATALOG-2026.pdf sha256=e93756ed45acecb1335e562aa4f9d455899c0b846fb9bb1bc6b3f33af436da93
Импорт: Bavaria non-alcoholic catalog (showcase, без цены, заказ недоступен)",showcase,active,""
BAVARIA-SWIPE-SWIPE-330-GLASS,"Напиток газированный SWIPE газированная, 0,33 л, стекло",SWIPE,Газированные напитки,"0,33 л",стекло,"Производитель: ГК ПД «Бавария»
Бренд: SWIPE
Вкус: SWIPE
Источник (сайт): https://www.bavaria-group.ru/beer-product/swipe
PDF буклет: BAVARIA-CATALOG-2026.pdf sha256=e93756ed45acecb1335e562aa4f9d455899c0b846fb9bb1bc6b3f33af436da93
Импорт: Bavaria non-alcoholic catalog (showcase, без цены, заказ недоступен)",showcase,active,""
BAVARIA-TBAU-PREMIUM-GAZIROVANNAYA-330-GLASS,"Вода питьевая TBAU Premium газированная, 0,33 л, стекло",TBAU,Питьевая вода,"0,33 л",стекло,"Производитель: ГК ПД «Бавария»
Бренд: TBAU
Вкус: Premium
Источник (сайт): https://www.bavaria-group.ru/beer-product/zagolovok-produkta-2
PDF буклет: BAVARIA-CATALOG-2026.pdf sha256=e93756ed45acecb1335e562aa4f9d455899c0b846fb9bb1bc6b3f33af436da93
Импорт: Bavaria non-alcoholic catalog (showcase, без цены, заказ недоступен)",showcase,active,""
BAVARIA-TBAU-PREMIUM-GAZIROVANNAYA-450-GLASS,"Вода питьевая TBAU Premium газированная, 0,45 л, стекло",TBAU,Питьевая вода,"0,45 л",стекло,"Производитель: ГК ПД «Бавария»
Бренд: TBAU
Вкус: Premium
Источник (сайт): https://www.bavaria-group.ru/beer-product/zagolovok-produkta-2
PDF буклет: BAVARIA-CATALOG-2026.pdf sha256=e93756ed45acecb1335e562aa4f9d455899c0b846fb9bb1bc6b3f33af436da93
Импорт: Bavaria non-alcoholic catalog (showcase, без цены, заказ недоступен)",showcase,active,""
BAVARIA-TBAU-PREMIUM-GAZIROVANNAYA-500-GLASS,"Вода питьевая TBAU Premium газированная, 0,5 л, стекло",TBAU,Питьевая вода,"0,5 л",стекло,"Производитель: ГК ПД «Бавария»
Бренд: TBAU
Вкус: Premium
Источник (сайт): https://www.bavaria-group.ru/beer-product/zagolovok-produkta-2
PDF буклет: BAVARIA-CATALOG-2026.pdf sha256=e93756ed45acecb1335e562aa4f9d455899c0b846fb9bb1bc6b3f33af436da93
Импорт: Bavaria non-alcoholic catalog (showcase, без цены, заказ недоступен)",showcase,active,""
BAVARIA-TBAU-PREMIUM-NEGAZIROVANNAYA-330-GLASS,"Вода питьевая TBAU Premium негазированная, 0,33 л, стекло",TBAU,Питьевая вода,"0,33 л",стекло,"Производитель: ГК ПД «Бавария»
Бренд: TBAU
Вкус: Premium
Источник (сайт): https://www.bavaria-group.ru/beer-product/zagolovok-produkta-2
PDF буклет: BAVARIA-CATALOG-2026.pdf sha256=e93756ed45acecb1335e562aa4f9d455899c0b846fb9bb1bc6b3f33af436da93
Импорт: Bavaria non-alcoholic catalog (showcase, без цены, заказ недоступен)",showcase,active,""
BAVARIA-TBAU-PREMIUM-NEGAZIROVANNAYA-450-GLASS,"Вода питьевая TBAU Premium негазированная, 0,45 л, стекло",TBAU,Питьевая вода,"0,45 л",стекло,"Производитель: ГК ПД «Бавария»
Бренд: TBAU
Вкус: Premium
Источник (сайт): https://www.bavaria-group.ru/beer-product/zagolovok-produkta-2
PDF буклет: BAVARIA-CATALOG-2026.pdf sha256=e93756ed45acecb1335e562aa4f9d455899c0b846fb9bb1bc6b3f33af436da93
Импорт: Bavaria non-alcoholic catalog (showcase, без цены, заказ недоступен)",showcase,active,""
BAVARIA-TBAU-PREMIUM-NEGAZIROVANNAYA-500-GLASS,"Вода питьевая TBAU Premium негазированная, 0,5 л, стекло",TBAU,Питьевая вода,"0,5 л",стекло,"Производитель: ГК ПД «Бавария»
Бренд: TBAU
Вкус: Premium
Источник (сайт): https://www.bavaria-group.ru/beer-product/zagolovok-produkta-2
PDF буклет: BAVARIA-CATALOG-2026.pdf sha256=e93756ed45acecb1335e562aa4f9d455899c0b846fb9bb1bc6b3f33af436da93
Импорт: Bavaria non-alcoholic catalog (showcase, без цены, заказ недоступен)",showcase,active,""
DARYAL-AKVA-DARYAL-GAZ-500-GLASS,"Аква Дарьял газированная, 0,5 л, стекло",Аква Дарьял,Минеральная вода,"0,5 л",стекло,"Производитель: ООО ВПБЗ «Дарьял»
Бренд: Аква Дарьял
Источник: https://darialgroup.ru/water/
Импорт: Дарьял non-alcoholic catalog (showcase, без цены, заказ недоступен)",showcase,active,""
DARYAL-AKVA-DARYAL-STILL-500-GLASS,"Аква Дарьял негазированная, 0,5 л, стекло",Аква Дарьял,Минеральная вода,"0,5 л",стекло,"Производитель: ООО ВПБЗ «Дарьял»
Бренд: Аква Дарьял
Источник: https://darialgroup.ru/water/
Импорт: Дарьял non-alcoholic catalog (showcase, без цены, заказ недоступен)",showcase,active,""
DARYAL-DARYAL-APELSIN-KORIANDR-500-GLASS,"Дарьял Апельсин-кориандр газированная, 0,5 л, стекло",Дарьял,Газированные напитки,"0,5 л",стекло,"Производитель: ООО ВПБЗ «Дарьял»
Бренд: Дарьял
Вкус: Апельсин-кориандр
Источник: https://darialgroup.ru/sparkling/
Импорт: Дарьял non-alcoholic catalog (showcase, без цены, заказ недоступен)",showcase,active,""
DARYAL-DARYAL-FEYHOA-SHELKOVITSA-500-GLASS,"Дарьял Фейхоа-Шелковица газированная, 0,5 л, стекло",Дарьял,Газированные напитки,"0,5 л",стекло,"Производитель: ООО ВПБЗ «Дарьял»
Бренд: Дарьял
Вкус: Фейхоа-Шелковица
Источник: https://darialgroup.ru/sparkling/
Импорт: Дарьял non-alcoholic catalog (showcase, без цены, заказ недоступен)",showcase,active,""
DARYAL-DARYAL-GRANAT-500-GLASS,"Дарьял Гранат газированная, 0,5 л, стекло",Дарьял,Газированные напитки,"0,5 л",стекло,"Производитель: ООО ВПБЗ «Дарьял»
Бренд: Дарьял
Вкус: Гранат
Источник: https://darialgroup.ru/sparkling/
Импорт: Дарьял non-alcoholic catalog (showcase, без цены, заказ недоступен)",showcase,active,""
DARYAL-DARYAL-GRUSHA-500-GLASS,"Дарьял Груша газированная, 0,5 л, стекло",Дарьял,Газированные напитки,"0,5 л",стекло,"Производитель: ООО ВПБЗ «Дарьял»
Бренд: Дарьял
Вкус: Груша
Источник: https://darialgroup.ru/sparkling/
Импорт: Дарьял non-alcoholic catalog (showcase, без цены, заказ недоступен)",showcase,active,""
DARYAL-DARYAL-KOLA-APELSIN-500-GLASS,"Дарьял Кола-апельсин газированная, 0,5 л, стекло",Дарьял,Газированные напитки,"0,5 л",стекло,"Производитель: ООО ВПБЗ «Дарьял»
Бренд: Дарьял
Вкус: Кола-апельсин
Источник: https://darialgroup.ru/sparkling/
Импорт: Дарьял non-alcoholic catalog (showcase, без цены, заказ недоступен)",showcase,active,""
DARYAL-DARYAL-MOHITO-500-GLASS,"Дарьял Мохито газированная, 0,5 л, стекло",Дарьял,Газированные напитки,"0,5 л",стекло,"Производитель: ООО ВПБЗ «Дарьял»
Бренд: Дарьял
Вкус: Мохито
Источник: https://darialgroup.ru/sparkling/
Импорт: Дарьял non-alcoholic catalog (showcase, без цены, заказ недоступен)",showcase,active,""
DARYAL-DARYAL-TARHUN-500-GLASS,"Дарьял Тархун газированная, 0,5 л, стекло",Дарьял,Газированные напитки,"0,5 л",стекло,"Производитель: ООО ВПБЗ «Дарьял»
Бренд: Дарьял
Вкус: Тархун
Источник: https://darialgroup.ru/sparkling/
Импорт: Дарьял non-alcoholic catalog (showcase, без цены, заказ недоступен)",showcase,active,""
DRINK-COCACOLA-330-CAN-251,"Coca-Cola Original Taste, 0,33 л, жестяная банка",Coca-Cola,Кола,"0,33 л",жестяная банка,"",showcase,active,""
DRINK-COCACOLA-330-CAN-309,"Coca-Cola Zero, 0,33 л, жестяная банка",Coca-Cola,Кола,"0,33 л",жестяная банка,"",showcase,active,""
DRINK-COCACOLA-330-CAN-379,"Coca-Cola Zero без кофеина, 0,33 л, жестяная банка",Coca-Cola,Кола,"0,33 л",жестяная банка,"",showcase,active,""
DRINK-COCACOLA-330-GLASS-105,"Coca-Cola Original Taste, 0,33 л, стекло",Coca-Cola,Кола,"0,33 л",стекло,"",showcase,active,""
DRINK-SPRITE-330-CAN-135,"Sprite с лимоном и лаймом, 0,33 л, жестяная банка",Sprite,Лимонады,"0,33 л",жестяная банка,"",showcase,active,""
ZY-ADRENALINE-250-CAN-001,"Adrenaline Rush Абсолютная энергия, 0,25 л, жестяная банка",Adrenaline Rush,Энергетические напитки,"0,25 л",жестяная банка,"",showcase,active,""
ZY-ADRENALINE-449-CAN-001,"Adrenaline Rush Абсолютная энергия, 0,449 л, жестяная банка",Adrenaline Rush,Энергетические напитки,"0,449 л",жестяная банка,"",showcase,active,""
ZY-BORZHOMI-330-GLASS-001,"Вода минеральная Borjomi лечебно-столовая ст/б 0,33л",Боржоми,Газированная вода,330 мл,стекло,"",showcase,active,""
ZY-BORZHOMI-500-GLASS-001,Вода минеральная Borjomi лечебно-столовая ст/б 0.5л,Боржоми,Газированная вода,500 мл,стекло,"",showcase,active,""
ZY-COCACOLAZERO-330-GLASS-001,"Coca-Cola Zero, 0,33 л, стекло",Coca-Cola,Кола,"0,33 л",стекло,"",showcase,active,""
ZY-MIN-500-GLASS-001,"Вода мин Рычал-су ст/б 0,5л",мин,Газированная вода,500 мл,стекло,"",showcase,active,""
ZY-SPRITE-2000-PET-001,"Sprite с лимоном и лаймом, 2 л, ПЭТ",Sprite,Газированные напитки,2 л,ПЭТ,"",showcase,active,""
ZY-VIKO-1000-CARTON-001,Сок Вико 1л апельсиновый,Вико,Сок,1 л,картон,"",showcase,active,""
ZY-VIKO-1000-CARTON-002,Сок Вико 1л ананасовый,Вико,Сок,1 л,картон,"",showcase,active,""
ZY-VIKO-1000-CARTON-003,Сок Вико 1л вишневый,Вико,Сок,1 л,картон,"",showcase,active,""
ZY-VIKO-1000-CARTON-004,Сок Вико 1л Мультифрукт,Вико,Сок,1 л,картон,"",showcase,active,""
ZY-VIKO-1000-CARTON-005,Сок Вико 1л зеленое яблоко,Вико,Сок,1 л,картон,"",showcase,active,""
ZY-VIKO-1000-CARTON-006,Сок Вико 1л Гранатовый,Вико,Сок,1 л,картон,"",showcase,active,""
ZY-VIKO-1000-CARTON-007,Сок Вико 1л персиковый,Вико,Сок,1 л,картон,"",showcase,active,""
ZY-VIKO-1000-CARTON-008,Сок Вико 1л виноградно яблочный,Вико,Сок,1 л,картон,"",showcase,active,""
ZY-VIKO-1000-CARTON-009,Сок Вико 1л Апельсин манго,Вико,Сок,1 л,картон,"",showcase,active,""
ZY-VIKO-1000-CARTON-010,Сок Вико 1л виноградный черный,Вико,Сок,1 л,картон,"",showcase,active,""
ZY-VIKO-1000-CARTON-011,Сок Вико 1л томатный,Вико,Сок,1 л,картон,"",showcase,active,""
ZY-VIKO-1000-CARTON-012,Нектар Вико 1л абрикос,Вико,Нектар,1 л,картон,"",showcase,active,""
ZY-VIKO-1000-CARTON-013,Нектар Вико 1л банановый,Вико,Нектар,1 л,картон,"",showcase,active,""
