proposed_sku,official_name,proposed_name,brand,manufacturer,line,flavor,volume_ml,volume_text,package_type,package_code,carbonation,sugar_free,shelf_life_days,category,category_slug,category_id,category_status,source_url,source_image_url,image_path,image_match_status,image_width,image_height,image_mime,image_sha256,duplicate_status,confidence,review_status,review_reason,notes,alcohol_status,sales_status,price_amount,orderable,availability,units_per_package,is_active
AQUALANIA-CAN-DYNYA-MYATA-330-CAN,"Напиток безалкогольный сильногазированный со вкусом ""Дыня и мята"" АквАлания","AquAlania Дыня-Мята, 0,33 л, алюминиевая банка",AquAlania,ООО «Константа-7»,CAN,Дыня-Мята,330,"0,33 л",алюминиевая банка,CAN,сильногазированная,false,360,Газированные напитки,gazirovannye-napitki,a98cf12f-e064-4b67-93ef-0a9fdb47bb71,mapped,https://aqualania.ru/product,https://img1.creatium.ru/disk2/f9/54/62/cdd937a14708272bb2828105ecef7e10c7/jb_dinya_myata.png,artifacts/aqualania-import/2026-08-05T13-05-07-740Z-final/processed/AQUALANIA-CAN-DYNYA-MYATA-330-CAN.webp,exact,869,1216,image/png,cdc85e2ff048f4492bcda6320f72e0bdc63fb5f0f56c0864cd9a0bb4c99f30bd,new_product,high,approved,,,,showcase,,false,on_order,1,true
AQUALANIA-CAN-IGRISTOE-330-CAN,"Напиток безалкогольный сильногазированный со вкусом ""Игристое"" АквАлания","Напиток газированный AquAlania Игристое, 0,33 л, банка",AquAlania,ООО «Константа-7»,CAN,Игристое,330,"0,33 л",алюминиевая банка,CAN,сильногазированная,false,360,Газированные напитки,gazirovannye-napitki,a98cf12f-e064-4b67-93ef-0a9fdb47bb71,mapped,https://aqualania.ru/product,https://img1.creatium.ru/disk2/6e/b2/5d/2f55d9d55b3693c38a4c4074c9cfd36465/jb_igristoe.png,artifacts/aqualania-import/2026-08-05T13-05-07-740Z-final/processed/AQUALANIA-CAN-IGRISTOE-330-CAN.webp,exact,891,1160,image/png,1b4d0a994f2f237496b0df03afe2126297ddc3fbfd629eaa36535291d2d4f33f,new_product,high,approved,,"Официально безалкогольный: RU «Напиток безалкогольный сильногазированный „Игристое“»; EN «Non alcoholic carbonated drink with Sparkling wine/Champagne flavor»; на этикетке стекла — «НАПИТОК БЕЗАЛКОГОЛЬНЫЙ СИЛЬНОГАЗИРОВАННЫЙ». Слова Sparkling wine/Champagne = вкус, не алкогольный статус. В proposed_name без слова «вино».",non_alcoholic_confirmed,showcase,,false,on_order,1,true
AQUALANIA-CAN-MANGO-VINOGRAD-330-CAN,"Напиток безалкогольный сильногазированный со вкусом ""Манго - Виноград"" АквАлания","AquAlania Манго-Виноград, 0,33 л, алюминиевая банка",AquAlania,ООО «Константа-7»,CAN,Манго-Виноград,330,"0,33 л",алюминиевая банка,CAN,сильногазированная,false,360,Газированные напитки,gazirovannye-napitki,a98cf12f-e064-4b67-93ef-0a9fdb47bb71,mapped,https://aqualania.ru/product,https://img1.creatium.ru/disk2/45/dc/62/6fd3dd223b800232e677ef9fc25944e7d4/jb_mango_vinograd_2.png,artifacts/aqualania-import/2026-08-05T13-05-07-740Z-final/processed/AQUALANIA-CAN-MANGO-VINOGRAD-330-CAN.webp,exact,882,1117,image/png,9e48d9539be6c2587bd14e7ad9ebb0795cbb83ae13fc21c5ac7294d9d3d534a9,new_product,high,approved,,,,showcase,,false,on_order,1,true
AQUALANIA-CAN-MOHITO-CLASSIC-330-CAN,"Напиток безалкогольный сильногазированный ""Мохито"" со вкусом мяты и лайма АквАлания","AquAlania Мохито классический, 0,33 л, алюминиевая банка",AquAlania,ООО «Константа-7»,CAN,Мохито классический,330,"0,33 л",алюминиевая банка,CAN,сильногазированная,false,360,Газированные напитки,gazirovannye-napitki,a98cf12f-e064-4b67-93ef-0a9fdb47bb71,mapped,https://aqualania.ru/product,https://img1.creatium.ru/disk2/5a/ef/46/5975fdb1b5203564567130ffb12b15491d/jb_moh_klass.png,artifacts/aqualania-import/2026-08-05T13-05-07-740Z-final/processed/AQUALANIA-CAN-MOHITO-CLASSIC-330-CAN.webp,exact,868,1186,image/png,de1c6c9db0b3e80eda1ebaf73be4ae05515b715eec3b612811c96fa995837bb9,new_product,high,approved,,,,showcase,,false,on_order,1,true
AQUALANIA-CAN-MOHITO-KLUBNICHNYY-330-CAN,"Напиток безалкогольный сильногазированный ""Мохито"" со вкусом клубники АквАлания","AquAlania Мохито клубничный, 0,33 л, алюминиевая банка",AquAlania,ООО «Константа-7»,CAN,Мохито клубничный,330,"0,33 л",алюминиевая банка,CAN,сильногазированная,false,360,Газированные напитки,gazirovannye-napitki,a98cf12f-e064-4b67-93ef-0a9fdb47bb71,mapped,https://aqualania.ru/product,https://img1.creatium.ru/disk2/02/5c/f9/49e239712b22206bd7de6e70c37e124f13/jb_moh_klubne.png,artifacts/aqualania-import/2026-08-05T13-05-07-740Z-final/processed/AQUALANIA-CAN-MOHITO-KLUBNICHNYY-330-CAN.webp,exact,846,1206,image/png,59aeb401a91ff31bb599de443cf17a6ead1a60757e5def13cf5233d1dc1e3f8d,new_product,high,approved,,,,showcase,,false,on_order,1,true
AQUALANIA-LIGHT-ANANAS-330-PETCAN,Напиток безалкогольный среднегазированный со вкусом ананаса «АквАлания лайт (AquAlania light)»,"AquAlania Light Ананас без сахара, 0,33 л, ПЭТ-банка с алюминиевой крышкой",AquAlania,ООО «Константа-7»,LIGHT,Ананас,330,"0,33 л",ПЭТ-банка с алюминиевой крышкой,PETCAN,среднегазированная,true,360,Газированные напитки,gazirovannye-napitki,a98cf12f-e064-4b67-93ef-0a9fdb47bb71,mapped,https://aqualania.ru/product,https://img1.creatium.ru/c9/3e/59/33760b0eeba5d25cf2d2f5e988cdd3bcc9/ananas.jpg,artifacts/aqualania-import/2026-08-05T13-05-07-740Z-final/processed/AQUALANIA-LIGHT-ANANAS-330-PETCAN.webp,exact_low_res,224,200,image/jpeg,f0a2ca342cb2f97e984499e279fed58c9021505cbf1d5b8c6b3c574da85dedc3,new_product,medium,approved,,"Официальный product-page asset — единственный вариант вкуса; srcset/background/оригиналы большего размера на сайте не найдены (home jb_* ~282×300 — другой layout/подпись, не заменяют product SKU image). Без апскейла; exact_low_res; вкус и упаковка читаются.",,showcase,,false,on_order,1,true
AQUALANIA-LIGHT-APELSIN-330-PETCAN,Напиток безалкогольный среднегазированный со вкусом апельсина «АквАлания лайт (AquAlania light)»,"AquAlania Light Апельсин без сахара, 0,33 л, ПЭТ-банка с алюминиевой крышкой",AquAlania,ООО «Константа-7»,LIGHT,Апельсин,330,"0,33 л",ПЭТ-банка с алюминиевой крышкой,PETCAN,среднегазированная,true,360,Газированные напитки,gazirovannye-napitki,a98cf12f-e064-4b67-93ef-0a9fdb47bb71,mapped,https://aqualania.ru/product,https://img1.creatium.ru/21/2f/1e/5702ee6110ed873d05ec4fb4919305c18c/apelsin.jpg,artifacts/aqualania-import/2026-08-05T13-05-07-740Z-final/processed/AQUALANIA-LIGHT-APELSIN-330-PETCAN.webp,exact_low_res,224,200,image/jpeg,2d1e2418f89cb89b9d959b80bf4dd7cddf8b5635b961068d897e0f988ba2fb91,new_product,medium,approved,,"Официальный product-page asset — единственный вариант вкуса; srcset/background/оригиналы большего размера на сайте не найдены (home jb_* ~282×300 — другой layout/подпись, не заменяют product SKU image). Без апскейла; exact_low_res; вкус и упаковка читаются.",,showcase,,false,on_order,1,true
AQUALANIA-LIGHT-KLUBNIKA-330-PETCAN,Напиток безалкогольный среднегазированный со вкусом клубники «АквАлания лайт (AquAlania light)»,"AquAlania Light Клубника без сахара, 0,33 л, ПЭТ-банка с алюминиевой крышкой",AquAlania,ООО «Константа-7»,LIGHT,Клубника,330,"0,33 л",ПЭТ-банка с алюминиевой крышкой,PETCAN,среднегазированная,true,360,Газированные напитки,gazirovannye-napitki,a98cf12f-e064-4b67-93ef-0a9fdb47bb71,mapped,https://aqualania.ru/product,https://img1.creatium.ru/80/b3/a1/c9359f69009cf574a308540314a5b998de/klubnika.jpg,artifacts/aqualania-import/2026-08-05T13-05-07-740Z-final/processed/AQUALANIA-LIGHT-KLUBNIKA-330-PETCAN.webp,exact_low_res,224,200,image/jpeg,d4b1599fbe84d0133c2e9214af787fe5d3415de2a9e39024fd67cdc3f720a518,new_product,medium,approved,,"Официальный product-page asset — единственный вариант вкуса; srcset/background/оригиналы большего размера на сайте не найдены (home jb_* ~282×300 — другой layout/подпись, не заменяют product SKU image). Без апскейла; exact_low_res; вкус и упаковка читаются.",,showcase,,false,on_order,1,true
AQUALANIA-LIGHT-MANGO-MARAKUYYA-330-PETCAN,Напиток безалкогольный среднегазированный со вкусом манго-маракуйя «АквАлания лайт (AquAlania light)»,"AquAlania Light Манго-Маракуйя без сахара, 0,33 л, ПЭТ-банка с алюминиевой крышкой",AquAlania,ООО «Константа-7»,LIGHT,Манго-Маракуйя,330,"0,33 л",ПЭТ-банка с алюминиевой крышкой,PETCAN,среднегазированная,true,360,Газированные напитки,gazirovannye-napitki,a98cf12f-e064-4b67-93ef-0a9fdb47bb71,mapped,https://aqualania.ru/product,https://img1.creatium.ru/30/01/c9/9a56bfd29095304fe7221f7a309a9b01d2/mango_marakuya.jpg,artifacts/aqualania-import/2026-08-05T13-05-07-740Z-final/processed/AQUALANIA-LIGHT-MANGO-MARAKUYYA-330-PETCAN.webp,exact_low_res,224,200,image/jpeg,c61d926796bc3dbfd356d721a12f9330b8f1259804326da36f193892f6206bbe,new_product,medium,approved,,"Официальный product-page asset — единственный вариант вкуса; srcset/background/оригиналы большего размера на сайте не найдены (home jb_* ~282×300 — другой layout/подпись, не заменяют product SKU image). Без апскейла; exact_low_res; вкус и упаковка читаются.",,showcase,,false,on_order,1,true
AQUALANIA-LIGHT-MOHITO-330-PETCAN,Напиток безалкогольный среднегазированный со вкусом мохито «АквАлания лайт (AquAlania light)»,"AquAlania Light Мохито без сахара, 0,33 л, ПЭТ-банка с алюминиевой крышкой",AquAlania,ООО «Константа-7»,LIGHT,Мохито,330,"0,33 л",ПЭТ-банка с алюминиевой крышкой,PETCAN,среднегазированная,true,360,Газированные напитки,gazirovannye-napitki,a98cf12f-e064-4b67-93ef-0a9fdb47bb71,mapped,https://aqualania.ru/product,https://img1.creatium.ru/dc/05/ce/7bcaeba27863bf92568ca429daa51a94c9/mohito.jpg,artifacts/aqualania-import/2026-08-05T13-05-07-740Z-final/processed/AQUALANIA-LIGHT-MOHITO-330-PETCAN.webp,exact_low_res,224,200,image/jpeg,1db84e0d87e033b623e0324150ca1e30426e1c563b6c383fae4f1fae239af57e,new_product,medium,approved,,"Официальный product-page asset — единственный вариант вкуса; srcset/background/оригиналы большего размера на сайте не найдены (home jb_* ~282×300 — другой layout/подпись, не заменяют product SKU image). Без апскейла; exact_low_res; вкус и упаковка читаются.",,showcase,,false,on_order,1,true
AQUALANIA-LIGHT-VISHNYA-330-PETCAN,Напиток безалкогольный среднегазированный со вкусом вишни «АквАлания лайт (AquAlania light)»,"AquAlania Light Вишня без сахара, 0,33 л, ПЭТ-банка с алюминиевой крышкой",AquAlania,ООО «Константа-7»,LIGHT,Вишня,330,"0,33 л",ПЭТ-банка с алюминиевой крышкой,PETCAN,среднегазированная,true,360,Газированные напитки,gazirovannye-napitki,a98cf12f-e064-4b67-93ef-0a9fdb47bb71,mapped,https://aqualania.ru/product,https://img1.creatium.ru/34/98/b4/264e758252cbd06694d4599add0a450446/vishnya.jpg,artifacts/aqualania-import/2026-08-05T13-05-07-740Z-final/processed/AQUALANIA-LIGHT-VISHNYA-330-PETCAN.webp,exact_low_res,224,200,image/jpeg,01f081a910724901e7f2ee63811dd54a9b3cc5c490d0819d1ac4455e2f0acb97,new_product,medium,approved,,"Официальный product-page asset — единственный вариант вкуса; srcset/background/оригиналы большего размера на сайте не найдены (home jb_* ~282×300 — другой layout/подпись, не заменяют product SKU image). Без апскейла; exact_low_res; вкус и упаковка читаются.",,showcase,,false,on_order,1,true
AQUALANIA-LIGHT-YABLOKO-330-PETCAN,Напиток безалкогольный среднегазированный со вкусом яблока «АквАлания лайт (AquAlania light)»,"AquAlania Light Яблоко без сахара, 0,33 л, ПЭТ-банка с алюминиевой крышкой",AquAlania,ООО «Константа-7»,LIGHT,Яблоко,330,"0,33 л",ПЭТ-банка с алюминиевой крышкой,PETCAN,среднегазированная,true,360,Газированные напитки,gazirovannye-napitki,a98cf12f-e064-4b67-93ef-0a9fdb47bb71,mapped,https://aqualania.ru/product,https://img1.creatium.ru/b3/fd/6c/21d838260cc52c05912efbe65057775e61/yabloko.jpg,artifacts/aqualania-import/2026-08-05T13-05-07-740Z-final/processed/AQUALANIA-LIGHT-YABLOKO-330-PETCAN.webp,exact_low_res,224,200,image/jpeg,1f54a521f91d7631c811ed9903801fc2bbe41517f379fe2311e536db058ed01b,new_product,medium,approved,,"Официальный product-page asset — единственный вариант вкуса; srcset/background/оригиналы большего размера на сайте не найдены (home jb_* ~282×300 — другой layout/подпись, не заменяют product SKU image). Без апскейла; exact_low_res; вкус и упаковка читаются.",,showcase,,false,on_order,1,true
AQUALANIA-PREMIUM-BARBARIS-500-GLASS,"Напиток безалкогольный сильногазированный ""Барбарис"" АквАлания","AquAlania Барбарис, 0,5 л, стекло",AquAlania,ООО «Константа-7»,PREMIUM,Барбарис,500,"0,5 л",стекло,GLASS,сильногазированная,false,360,Лимонады,limonady,a8af36d2-ef7a-49ce-8aea-42fdf99359ae,mapped,https://aqualania.ru/product,https://img1.creatium.ru/disk2/77/1d/b4/bbf9433d5726c208db34ee262e026f8ea0/barb.png,artifacts/aqualania-import/2026-08-05T13-05-07-740Z-final/processed/AQUALANIA-PREMIUM-BARBARIS-500-GLASS.webp,exact,1921,3048,image/png,22d66d0a84e649f93d7eeea4dea7baaa284265e8ba45ff9fba18ab94c2aa0262,new_product,high,approved,,,,showcase,,false,on_order,1,true
AQUALANIA-PREMIUM-DYNYA-MYATA-500-GLASS,"Напиток безалкогольный сильногазированный ""Дыня-Мята"" АквАлания","AquAlania Дыня-Мята, 0,5 л, стекло",AquAlania,ООО «Константа-7»,PREMIUM,Дыня-Мята,500,"0,5 л",стекло,GLASS,сильногазированная,false,360,Лимонады,limonady,a8af36d2-ef7a-49ce-8aea-42fdf99359ae,mapped,https://aqualania.ru/product,https://img3.creatium.ru/disk2/94/78/f0/c32bc3e582075cff386d6eee30d32c8f07/dinya_myata_photoroom.png,artifacts/aqualania-import/2026-08-05T13-05-07-740Z-final/processed/AQUALANIA-PREMIUM-DYNYA-MYATA-500-GLASS.webp,exact,1027,1691,image/png,eb4dce2ff1652c200eabf83969f5d70f88bbb123e644b10c631f79497ea55485,new_product,high,approved,,,,showcase,,false,on_order,1,true
AQUALANIA-PREMIUM-FEYHOA-500-GLASS,"Напиток безалкогольный сильногазированный ""Фейхоа"" АквАлания","AquAlania Фейхоа, 0,5 л, стекло",AquAlania,ООО «Константа-7»,PREMIUM,Фейхоа,500,"0,5 л",стекло,GLASS,сильногазированная,false,360,Лимонады,limonady,a8af36d2-ef7a-49ce-8aea-42fdf99359ae,mapped,https://aqualania.ru/product,https://img1.creatium.ru/disk2/6c/58/b4/727eadecc0341ab2b0117fc06b2395f6ea/tarhun.png,artifacts/aqualania-import/2026-08-05T13-05-07-740Z-final/processed/AQUALANIA-PREMIUM-FEYHOA-500-GLASS.webp,exact,1810,2810,image/png,80bd78cf55e13c9c64507690af076a96acd2dbaac77973441ba81b9791e4e9a5,new_product,high,approved,,"Файл официального asset назван tarhun.png, но на этикетке явно «Фейхоа» и иллюстрация фейхоа; taruhn.png — отдельный SKU Тархун. Изображение оставлено как exact (не mismatch).",,showcase,,false,on_order,1,true
AQUALANIA-PREMIUM-GRUSHA-500-GLASS,"Напиток безалкогольный сильногазированный ""Груша"" АквАлания","AquAlania Груша, 0,5 л, стекло",AquAlania,ООО «Константа-7»,PREMIUM,Груша,500,"0,5 л",стекло,GLASS,сильногазированная,false,360,Лимонады,limonady,a8af36d2-ef7a-49ce-8aea-42fdf99359ae,mapped,https://aqualania.ru/product,https://img1.creatium.ru/disk2/a0/e4/52/2da5ebe0acc0de871b92ba3a76554ce0cd/grusha.png,artifacts/aqualania-import/2026-08-05T13-05-07-740Z-final/processed/AQUALANIA-PREMIUM-GRUSHA-500-GLASS.webp,exact,1808,2894,image/png,b12865417d2c5fb2c27ba4579813d6913b3087f4e1ddea793a666b36322ee58b,new_product,high,approved,,,,showcase,,false,on_order,1,true
AQUALANIA-PREMIUM-IGRISTOE-500-GLASS,"Напиток безалкогольный сильногазированный ""Игристое"" АквАлания","Напиток газированный AquAlania Игристое, 0,5 л, стекло",AquAlania,ООО «Константа-7»,PREMIUM,Игристое,500,"0,5 л",стекло,GLASS,сильногазированная,false,360,Лимонады,limonady,a8af36d2-ef7a-49ce-8aea-42fdf99359ae,mapped,https://aqualania.ru/product,https://img3.creatium.ru/disk2/37/73/3e/78374b5e80474321f11c27bee48b31c522/igristoe_photoroom.png,artifacts/aqualania-import/2026-08-05T13-05-07-740Z-final/processed/AQUALANIA-PREMIUM-IGRISTOE-500-GLASS.webp,exact,1005,1625,image/png,1ef12ed857d12be8f6a24c1fbf3daf5b8ff48465c08ca62478ee58386ec3d883,new_product,high,approved,,"Официально безалкогольный: RU «Напиток безалкогольный сильногазированный „Игристое“»; EN «Non alcoholic carbonated drink with Sparkling wine/Champagne flavor»; на этикетке стекла — «НАПИТОК БЕЗАЛКОГОЛЬНЫЙ СИЛЬНОГАЗИРОВАННЫЙ». Слова Sparkling wine/Champagne = вкус, не алкогольный статус. В proposed_name без слова «вино».",non_alcoholic_confirmed,showcase,,false,on_order,1,true
AQUALANIA-PREMIUM-KOLA-500-GLASS,"Напиток безалкогольный сильногазированный ""Кола"" АквАлания","AquAlania Кола, 0,5 л, стекло",AquAlania,ООО «Константа-7»,PREMIUM,Кола,500,"0,5 л",стекло,GLASS,сильногазированная,false,360,Кола,kola,34bee47b-61c3-4e15-81db-75d58ecf018b,mapped,https://aqualania.ru/product,https://img1.creatium.ru/disk2/78/ca/d6/11afe945923f229a4246564846d99fc8c8/kolka.png,artifacts/aqualania-import/2026-08-05T13-05-07-740Z-final/processed/AQUALANIA-PREMIUM-KOLA-500-GLASS.webp,exact,1400,2111,image/png,1d1b492bc5c27be7d0d4dec85492d2b1826a224311d46d56552611419ed29fd6,new_product,high,approved,,,,showcase,,false,on_order,1,true
AQUALANIA-PREMIUM-LIMONAD-500-GLASS,"Напиток безалкогольный сильногазированный ""Лимонад"" АквАлания","AquAlania Лимонад, 0,5 л, стекло",AquAlania,ООО «Константа-7»,PREMIUM,Лимонад,500,"0,5 л",стекло,GLASS,сильногазированная,false,360,Лимонады,limonady,a8af36d2-ef7a-49ce-8aea-42fdf99359ae,mapped,https://aqualania.ru/product,https://img1.creatium.ru/disk2/5f/28/0c/b7702f3f281cb3b03f00a206972a340ee3/limonad.png,artifacts/aqualania-import/2026-08-05T13-05-07-740Z-final/processed/AQUALANIA-PREMIUM-LIMONAD-500-GLASS.webp,exact,1810,3072,image/png,bd3754284a4ada748e16df93594bfe41fb414a21fe4186a69a41f2767b5997aa,new_product,high,approved,,,,showcase,,false,on_order,1,true
AQUALANIA-PREMIUM-MANGO-VINOGRAD-500-GLASS,"Напиток безалкогольный сильногазированный ""Манго-Виноград"" АквАлания","AquAlania Манго-Виноград, 0,5 л, стекло",AquAlania,ООО «Константа-7»,PREMIUM,Манго-Виноград,500,"0,5 л",стекло,GLASS,сильногазированная,false,360,Лимонады,limonady,a8af36d2-ef7a-49ce-8aea-42fdf99359ae,mapped,https://aqualania.ru/product,https://img1.creatium.ru/disk2/7b/cd/44/14b2e2445c79871ad7b06f01cc570d0e86/mango_vinograd.png,artifacts/aqualania-import/2026-08-05T13-05-07-740Z-final/processed/AQUALANIA-PREMIUM-MANGO-VINOGRAD-500-GLASS.webp,exact,1922,2924,image/png,7fcd44381670d989d123e69fc5ae77ae147e95ed8a0ac2e22f7f6842054f3b16,new_product,high,approved,,,,showcase,,false,on_order,1,true
AQUALANIA-PREMIUM-SAPERAVI-500-GLASS,"Напиток безалкогольный сильногазированный ""Саперави"" АквАлания","AquAlania Саперави, 0,5 л, стекло",AquAlania,ООО «Константа-7»,PREMIUM,Саперави,500,"0,5 л",стекло,GLASS,сильногазированная,false,360,Лимонады,limonady,a8af36d2-ef7a-49ce-8aea-42fdf99359ae,mapped,https://aqualania.ru/product,https://img1.creatium.ru/disk2/45/21/03/0d903e50106cdbc3516f5a800c1844e920/saperavi_2.png,artifacts/aqualania-import/2026-08-05T13-05-07-740Z-final/processed/AQUALANIA-PREMIUM-SAPERAVI-500-GLASS.webp,exact,1852,2973,image/png,5dd6a9c8f16c65da59ffc3310a50a337e361cdfdeb662f20eafefa309177b9ea,new_product,high,approved,,,,showcase,,false,on_order,1,true
AQUALANIA-PREMIUM-SLIVA-500-GLASS,"Напиток безалкогольный сильногазированный ""Слива"" АквАлания","AquAlania Слива, 0,5 л, стекло",AquAlania,ООО «Константа-7»,PREMIUM,Слива,500,"0,5 л",стекло,GLASS,сильногазированная,false,360,Лимонады,limonady,a8af36d2-ef7a-49ce-8aea-42fdf99359ae,mapped,https://aqualania.ru/product,https://img1.creatium.ru/disk2/47/8a/15/b1f4726c9a3372e57846105fab84cccd89/sliva_2.png,artifacts/aqualania-import/2026-08-05T13-05-07-740Z-final/processed/AQUALANIA-PREMIUM-SLIVA-500-GLASS.webp,exact,1815,2979,image/png,3f2cc391eac23000dbb20cb0b0a06a914bc1c82539966f54e9b4c3e108a45b77,new_product,high,approved,,,,showcase,,false,on_order,1,true
AQUALANIA-PREMIUM-TARHUN-500-GLASS,"Напиток безалкогольный сильногазированный ""Тархун"" АквАлания","AquAlania Тархун, 0,5 л, стекло",AquAlania,ООО «Константа-7»,PREMIUM,Тархун,500,"0,5 л",стекло,GLASS,сильногазированная,false,360,Лимонады,limonady,a8af36d2-ef7a-49ce-8aea-42fdf99359ae,mapped,https://aqualania.ru/product,https://img1.creatium.ru/disk2/39/1b/24/b02b1f256ede98d698e3b236e00df91149/taruhn.png,artifacts/aqualania-import/2026-08-05T13-05-07-740Z-final/processed/AQUALANIA-PREMIUM-TARHUN-500-GLASS.webp,exact,1828,3016,image/png,4eabade7964a870dc9f779b6d97b1389bc89fab37f70165be912cedd88c79cb4,new_product,high,approved,,,,showcase,,false,on_order,1,true
AQUALANIA-WATER-SPARKLING-500-PET,Вода минеральная природная столовая питьевая «АквАлания» Газированная,"AquAlania вода минеральная газированная, 0,5 л, ПЭТ",AquAlania,ООО «Константа-7»,WATER,Газированная,500,"0,5 л",ПЭТ,PET,газированная,false,720,Газированная вода,voda-gazirovannaya,81730d5f-f669-4ea0-b6af-e0f7d645a8fa,mapped,https://aqualania.ru/product,https://img3.creatium.ru/disk2/dd/70/4c/47eadc634a015ad7e866389bec88e56f59/voda_pet_0_5_gaz_15.png,artifacts/aqualania-import/2026-08-05T13-05-07-740Z-final/processed/AQUALANIA-WATER-SPARKLING-500-PET.webp,exact,3833,5729,image/png,1f2d77ea7ba560c92eb8a0e056164687c62998074c568176c68eb9234c9ba621,new_product,high,approved,,,,showcase,,false,on_order,1,true
AQUALANIA-WATER-STILL-500-PET,Вода минеральная природная столовая питьевая «АквАлания» Негазированная,"AquAlania вода минеральная негазированная, 0,5 л, ПЭТ",AquAlania,ООО «Константа-7»,WATER,Негазированная,500,"0,5 л",ПЭТ,PET,негазированная,false,720,Негазированная вода,voda-negazirovannaya,977a592b-8d39-4bac-afe4-a7d17687657d,mapped,https://aqualania.ru/product,https://img3.creatium.ru/disk2/1a/b8/7a/2b6d66b4ec363294fe8df3588971e93795/voda_pet_0_5_ne_gaz_15.png,artifacts/aqualania-import/2026-08-05T13-05-07-740Z-final/processed/AQUALANIA-WATER-STILL-500-PET.webp,exact,3841,5361,image/png,cc3dec3ca6e086e557364476a7712d4f5df77b1d354e46cee954ffffa30e6f0b,new_product,high,approved,,,,showcase,,false,on_order,1,true
