proposed_sku,official_name,proposed_name,brand,manufacturer,line,flavor,volume_ml,volume_text,package_type,package_code,carbonation,sugar_free,shelf_life_days,category,category_slug,category_id,category_status,source_url,source_image_url,image_path,image_match_status,image_width,image_height,image_mime,duplicate_status,confidence,review_status,review_reason,notes,sales_status,price_amount,orderable,availability,units_per_package
AQUALANIA-CAN-DYNYA-MYATA-330-CAN,"Напиток безалкогольный сильногазированный со вкусом ""Дыня и мята"" АквАлания","AquAlania Дыня-Мята, 0,33 л, алюминиевая банка",AquAlania,ООО «Константа-7»,CAN,Дыня-Мята,330,"0,33 л",алюминиевая банка,CAN,сильногазированная,false,360,Газированные напитки,gazirovannye-napitki,a98cf12f-e064-4b67-93ef-0a9fdb47bb71,mapped,https://aqualania.ru/product,https://img1.creatium.ru/disk2/f9/54/62/cdd937a14708272bb2828105ecef7e10c7/jb_dinya_myata.png,artifacts/aqualania-import/2026-08-05T12-38-20-797Z-stage1/processed/AQUALANIA-CAN-DYNYA-MYATA-330-CAN.webp,exact,869,1216,image/png,new_product,high,approved,,,showcase,,false,on_order,1
AQUALANIA-CAN-IGRISTOE-330-CAN,"Напиток безалкогольный сильногазированный со вкусом ""Игристое"" АквАлания","AquAlania Игристое, 0,33 л, алюминиевая банка",AquAlania,ООО «Константа-7»,CAN,Игристое,330,"0,33 л",алюминиевая банка,CAN,сильногазированная,false,360,Газированные напитки,gazirovannye-napitki,a98cf12f-e064-4b67-93ef-0a9fdb47bb71,mapped,https://aqualania.ru/product,https://img1.creatium.ru/disk2/6e/b2/5d/2f55d9d55b3693c38a4c4074c9cfd36465/jb_igristoe.png,artifacts/aqualania-import/2026-08-05T12-38-20-797Z-stage1/processed/AQUALANIA-CAN-IGRISTOE-330-CAN.webp,exact,891,1160,image/png,new_product,high,approved,, Flavor label «Игристое» confirmed on RU/EN site (EN: Champagne).,showcase,,false,on_order,1
AQUALANIA-CAN-MANGO-VINOGRAD-330-CAN,"Напиток безалкогольный сильногазированный со вкусом ""Манго - Виноград"" АквАлания","AquAlania Манго-Виноград, 0,33 л, алюминиевая банка",AquAlania,ООО «Константа-7»,CAN,Манго-Виноград,330,"0,33 л",алюминиевая банка,CAN,сильногазированная,false,360,Газированные напитки,gazirovannye-napitki,a98cf12f-e064-4b67-93ef-0a9fdb47bb71,mapped,https://aqualania.ru/product,https://img1.creatium.ru/disk2/45/dc/62/6fd3dd223b800232e677ef9fc25944e7d4/jb_mango_vinograd_2.png,artifacts/aqualania-import/2026-08-05T12-38-20-797Z-stage1/processed/AQUALANIA-CAN-MANGO-VINOGRAD-330-CAN.webp,exact,882,1117,image/png,new_product,high,approved,,,showcase,,false,on_order,1
AQUALANIA-CAN-MOHITO-CLASSIC-330-CAN,"Напиток безалкогольный сильногазированный ""Мохито"" со вкусом мяты и лайма АквАлания","AquAlania Мохито классический, 0,33 л, алюминиевая банка",AquAlania,ООО «Константа-7»,CAN,Мохито классический,330,"0,33 л",алюминиевая банка,CAN,сильногазированная,false,360,Газированные напитки,gazirovannye-napitki,a98cf12f-e064-4b67-93ef-0a9fdb47bb71,mapped,https://aqualania.ru/product,https://img1.creatium.ru/disk2/5a/ef/46/5975fdb1b5203564567130ffb12b15491d/jb_moh_klass.png,artifacts/aqualania-import/2026-08-05T12-38-20-797Z-stage1/processed/AQUALANIA-CAN-MOHITO-CLASSIC-330-CAN.webp,exact,868,1186,image/png,new_product,high,approved,,,showcase,,false,on_order,1
AQUALANIA-CAN-MOHITO-KLUBNICHNYY-330-CAN,"Напиток безалкогольный сильногазированный ""Мохито"" со вкусом клубники АквАлания","AquAlania Мохито клубничный, 0,33 л, алюминиевая банка",AquAlania,ООО «Константа-7»,CAN,Мохито клубничный,330,"0,33 л",алюминиевая банка,CAN,сильногазированная,false,360,Газированные напитки,gazirovannye-napitki,a98cf12f-e064-4b67-93ef-0a9fdb47bb71,mapped,https://aqualania.ru/product,https://img1.creatium.ru/disk2/02/5c/f9/49e239712b22206bd7de6e70c37e124f13/jb_moh_klubne.png,artifacts/aqualania-import/2026-08-05T12-38-20-797Z-stage1/processed/AQUALANIA-CAN-MOHITO-KLUBNICHNYY-330-CAN.webp,exact,846,1206,image/png,new_product,high,approved,,,showcase,,false,on_order,1
AQUALANIA-LIGHT-ANANAS-330-PETCAN,Напиток безалкогольный среднегазированный со вкусом ананаса «АквАлания лайт (AquAlania light)»,"AquAlania Light Ананас без сахара, 0,33 л, ПЭТ-банка с алюминиевой крышкой",AquAlania,ООО «Константа-7»,LIGHT,Ананас,330,"0,33 л",ПЭТ-банка с алюминиевой крышкой,PETCAN,среднегазированная,true,360,Газированные напитки,gazirovannye-napitki,a98cf12f-e064-4b67-93ef-0a9fdb47bb71,mapped,https://aqualania.ru/product,https://img1.creatium.ru/c9/3e/59/33760b0eeba5d25cf2d2f5e988cdd3bcc9/ananas.jpg,artifacts/aqualania-import/2026-08-05T12-38-20-797Z-stage1/processed/AQUALANIA-LIGHT-ANANAS-330-PETCAN.webp,exact_low_res,224,200,image/jpeg,new_product,medium,approved,,Official Light assets are small (~224px); kept as exact_low_res.,showcase,,false,on_order,1
AQUALANIA-LIGHT-APELSIN-330-PETCAN,Напиток безалкогольный среднегазированный со вкусом апельсина «АквАлания лайт (AquAlania light)»,"AquAlania Light Апельсин без сахара, 0,33 л, ПЭТ-банка с алюминиевой крышкой",AquAlania,ООО «Константа-7»,LIGHT,Апельсин,330,"0,33 л",ПЭТ-банка с алюминиевой крышкой,PETCAN,среднегазированная,true,360,Газированные напитки,gazirovannye-napitki,a98cf12f-e064-4b67-93ef-0a9fdb47bb71,mapped,https://aqualania.ru/product,https://img1.creatium.ru/21/2f/1e/5702ee6110ed873d05ec4fb4919305c18c/apelsin.jpg,artifacts/aqualania-import/2026-08-05T12-38-20-797Z-stage1/processed/AQUALANIA-LIGHT-APELSIN-330-PETCAN.webp,exact_low_res,224,200,image/jpeg,new_product,medium,approved,,Official Light assets are small (~224px); kept as exact_low_res.,showcase,,false,on_order,1
AQUALANIA-LIGHT-KLUBNIKA-330-PETCAN,Напиток безалкогольный среднегазированный со вкусом клубники «АквАлания лайт (AquAlania light)»,"AquAlania Light Клубника без сахара, 0,33 л, ПЭТ-банка с алюминиевой крышкой",AquAlania,ООО «Константа-7»,LIGHT,Клубника,330,"0,33 л",ПЭТ-банка с алюминиевой крышкой,PETCAN,среднегазированная,true,360,Газированные напитки,gazirovannye-napitki,a98cf12f-e064-4b67-93ef-0a9fdb47bb71,mapped,https://aqualania.ru/product,https://img1.creatium.ru/80/b3/a1/c9359f69009cf574a308540314a5b998de/klubnika.jpg,artifacts/aqualania-import/2026-08-05T12-38-20-797Z-stage1/processed/AQUALANIA-LIGHT-KLUBNIKA-330-PETCAN.webp,exact_low_res,224,200,image/jpeg,new_product,medium,approved,,Official Light assets are small (~224px); kept as exact_low_res.,showcase,,false,on_order,1
AQUALANIA-LIGHT-MANGO-MARAKUYYA-330-PETCAN,Напиток безалкогольный среднегазированный со вкусом манго-маракуйя «АквАлания лайт (AquAlania light)»,"AquAlania Light Манго-Маракуйя без сахара, 0,33 л, ПЭТ-банка с алюминиевой крышкой",AquAlania,ООО «Константа-7»,LIGHT,Манго-Маракуйя,330,"0,33 л",ПЭТ-банка с алюминиевой крышкой,PETCAN,среднегазированная,true,360,Газированные напитки,gazirovannye-napitki,a98cf12f-e064-4b67-93ef-0a9fdb47bb71,mapped,https://aqualania.ru/product,https://img1.creatium.ru/30/01/c9/9a56bfd29095304fe7221f7a309a9b01d2/mango_marakuya.jpg,artifacts/aqualania-import/2026-08-05T12-38-20-797Z-stage1/processed/AQUALANIA-LIGHT-MANGO-MARAKUYYA-330-PETCAN.webp,exact_low_res,224,200,image/jpeg,new_product,medium,approved,,Official Light assets are small (~224px); kept as exact_low_res.,showcase,,false,on_order,1
AQUALANIA-LIGHT-MOHITO-330-PETCAN,Напиток безалкогольный среднегазированный со вкусом мохито «АквАлания лайт (AquAlania light)»,"AquAlania Light Мохито без сахара, 0,33 л, ПЭТ-банка с алюминиевой крышкой",AquAlania,ООО «Константа-7»,LIGHT,Мохито,330,"0,33 л",ПЭТ-банка с алюминиевой крышкой,PETCAN,среднегазированная,true,360,Газированные напитки,gazirovannye-napitki,a98cf12f-e064-4b67-93ef-0a9fdb47bb71,mapped,https://aqualania.ru/product,https://img1.creatium.ru/dc/05/ce/7bcaeba27863bf92568ca429daa51a94c9/mohito.jpg,artifacts/aqualania-import/2026-08-05T12-38-20-797Z-stage1/processed/AQUALANIA-LIGHT-MOHITO-330-PETCAN.webp,exact_low_res,224,200,image/jpeg,new_product,medium,approved,,Official Light assets are small (~224px); kept as exact_low_res.,showcase,,false,on_order,1
AQUALANIA-LIGHT-VISHNYA-330-PETCAN,Напиток безалкогольный среднегазированный со вкусом вишни «АквАлания лайт (AquAlania light)»,"AquAlania Light Вишня без сахара, 0,33 л, ПЭТ-банка с алюминиевой крышкой",AquAlania,ООО «Константа-7»,LIGHT,Вишня,330,"0,33 л",ПЭТ-банка с алюминиевой крышкой,PETCAN,среднегазированная,true,360,Газированные напитки,gazirovannye-napitki,a98cf12f-e064-4b67-93ef-0a9fdb47bb71,mapped,https://aqualania.ru/product,https://img1.creatium.ru/34/98/b4/264e758252cbd06694d4599add0a450446/vishnya.jpg,artifacts/aqualania-import/2026-08-05T12-38-20-797Z-stage1/processed/AQUALANIA-LIGHT-VISHNYA-330-PETCAN.webp,exact_low_res,224,200,image/jpeg,new_product,medium,approved,,Official Light assets are small (~224px); kept as exact_low_res.,showcase,,false,on_order,1
AQUALANIA-LIGHT-YABLOKO-330-PETCAN,Напиток безалкогольный среднегазированный со вкусом яблока «АквАлания лайт (AquAlania light)»,"AquAlania Light Яблоко без сахара, 0,33 л, ПЭТ-банка с алюминиевой крышкой",AquAlania,ООО «Константа-7»,LIGHT,Яблоко,330,"0,33 л",ПЭТ-банка с алюминиевой крышкой,PETCAN,среднегазированная,true,360,Газированные напитки,gazirovannye-napitki,a98cf12f-e064-4b67-93ef-0a9fdb47bb71,mapped,https://aqualania.ru/product,https://img1.creatium.ru/b3/fd/6c/21d838260cc52c05912efbe65057775e61/yabloko.jpg,artifacts/aqualania-import/2026-08-05T12-38-20-797Z-stage1/processed/AQUALANIA-LIGHT-YABLOKO-330-PETCAN.webp,exact_low_res,224,200,image/jpeg,new_product,medium,approved,,Official Light assets are small (~224px); kept as exact_low_res.,showcase,,false,on_order,1
AQUALANIA-PREMIUM-BARBARIS-500-GLASS,"Напиток безалкогольный сильногазированный ""Барбарис"" АквАлания","AquAlania Барбарис, 0,5 л, стекло",AquAlania,ООО «Константа-7»,PREMIUM,Барбарис,500,"0,5 л",стекло,GLASS,сильногазированная,false,360,Лимонады,limonady,a8af36d2-ef7a-49ce-8aea-42fdf99359ae,mapped,https://aqualania.ru/product,https://img1.creatium.ru/disk2/77/1d/b4/bbf9433d5726c208db34ee262e026f8ea0/barb.png,artifacts/aqualania-import/2026-08-05T12-38-20-797Z-stage1/processed/AQUALANIA-PREMIUM-BARBARIS-500-GLASS.webp,exact,1921,3048,image/png,new_product,high,approved,,,showcase,,false,on_order,1
AQUALANIA-PREMIUM-DYNYA-MYATA-500-GLASS,"Напиток безалкогольный сильногазированный ""Дыня-Мята"" АквАлания","AquAlania Дыня-Мята, 0,5 л, стекло",AquAlania,ООО «Константа-7»,PREMIUM,Дыня-Мята,500,"0,5 л",стекло,GLASS,сильногазированная,false,360,Лимонады,limonady,a8af36d2-ef7a-49ce-8aea-42fdf99359ae,mapped,https://aqualania.ru/product,https://img3.creatium.ru/disk2/94/78/f0/c32bc3e582075cff386d6eee30d32c8f07/dinya_myata_photoroom.png,artifacts/aqualania-import/2026-08-05T12-38-20-797Z-stage1/processed/AQUALANIA-PREMIUM-DYNYA-MYATA-500-GLASS.webp,exact,1027,1691,image/png,new_product,high,approved,,,showcase,,false,on_order,1
AQUALANIA-PREMIUM-FEYHOA-500-GLASS,"Напиток безалкогольный сильногазированный ""Фейхоа"" АквАлания","AquAlania Фейхоа, 0,5 л, стекло",AquAlania,ООО «Константа-7»,PREMIUM,Фейхоа,500,"0,5 л",стекло,GLASS,сильногазированная,false,360,Лимонады,limonady,a8af36d2-ef7a-49ce-8aea-42fdf99359ae,mapped,https://aqualania.ru/product,https://img1.creatium.ru/disk2/6c/58/b4/727eadecc0341ab2b0117fc06b2395f6ea/tarhun.png,artifacts/aqualania-import/2026-08-05T12-38-20-797Z-stage1/processed/AQUALANIA-PREMIUM-FEYHOA-500-GLASS.webp,exact,1810,2810,image/png,new_product,high,approved,,Feijoa uses asset filename tarhun.png on official site (DOM title confirms Feijoa).,showcase,,false,on_order,1
AQUALANIA-PREMIUM-GRUSHA-500-GLASS,"Напиток безалкогольный сильногазированный ""Груша"" АквАлания","AquAlania Груша, 0,5 л, стекло",AquAlania,ООО «Константа-7»,PREMIUM,Груша,500,"0,5 л",стекло,GLASS,сильногазированная,false,360,Лимонады,limonady,a8af36d2-ef7a-49ce-8aea-42fdf99359ae,mapped,https://aqualania.ru/product,https://img1.creatium.ru/disk2/a0/e4/52/2da5ebe0acc0de871b92ba3a76554ce0cd/grusha.png,artifacts/aqualania-import/2026-08-05T12-38-20-797Z-stage1/processed/AQUALANIA-PREMIUM-GRUSHA-500-GLASS.webp,exact,1808,2894,image/png,new_product,high,approved,,,showcase,,false,on_order,1
AQUALANIA-PREMIUM-IGRISTOE-500-GLASS,"Напиток безалкогольный сильногазированный ""Игристое"" АквАлания","AquAlania Игристое, 0,5 л, стекло",AquAlania,ООО «Константа-7»,PREMIUM,Игристое,500,"0,5 л",стекло,GLASS,сильногазированная,false,360,Лимонады,limonady,a8af36d2-ef7a-49ce-8aea-42fdf99359ae,mapped,https://aqualania.ru/product,https://img3.creatium.ru/disk2/37/73/3e/78374b5e80474321f11c27bee48b31c522/igristoe_photoroom.png,artifacts/aqualania-import/2026-08-05T12-38-20-797Z-stage1/processed/AQUALANIA-PREMIUM-IGRISTOE-500-GLASS.webp,exact,1005,1625,image/png,new_product,high,approved,, Flavor label «Игристое» confirmed on RU/EN site (EN: Sparkling wine).,showcase,,false,on_order,1
AQUALANIA-PREMIUM-KOLA-500-GLASS,"Напиток безалкогольный сильногазированный ""Кола"" АквАлания","AquAlania Кола, 0,5 л, стекло",AquAlania,ООО «Константа-7»,PREMIUM,Кола,500,"0,5 л",стекло,GLASS,сильногазированная,false,360,Кола,kola,34bee47b-61c3-4e15-81db-75d58ecf018b,mapped,https://aqualania.ru/product,https://img1.creatium.ru/disk2/78/ca/d6/11afe945923f229a4246564846d99fc8c8/kolka.png,artifacts/aqualania-import/2026-08-05T12-38-20-797Z-stage1/processed/AQUALANIA-PREMIUM-KOLA-500-GLASS.webp,exact,1400,2111,image/png,new_product,high,approved,,,showcase,,false,on_order,1
AQUALANIA-PREMIUM-LIMONAD-500-GLASS,"Напиток безалкогольный сильногазированный ""Лимонад"" АквАлания","AquAlania Лимонад, 0,5 л, стекло",AquAlania,ООО «Константа-7»,PREMIUM,Лимонад,500,"0,5 л",стекло,GLASS,сильногазированная,false,360,Лимонады,limonady,a8af36d2-ef7a-49ce-8aea-42fdf99359ae,mapped,https://aqualania.ru/product,https://img1.creatium.ru/disk2/5f/28/0c/b7702f3f281cb3b03f00a206972a340ee3/limonad.png,artifacts/aqualania-import/2026-08-05T12-38-20-797Z-stage1/processed/AQUALANIA-PREMIUM-LIMONAD-500-GLASS.webp,exact,1810,3072,image/png,new_product,high,approved,,,showcase,,false,on_order,1
AQUALANIA-PREMIUM-MANGO-VINOGRAD-500-GLASS,"Напиток безалкогольный сильногазированный ""Манго-Виноград"" АквАлания","AquAlania Манго-Виноград, 0,5 л, стекло",AquAlania,ООО «Константа-7»,PREMIUM,Манго-Виноград,500,"0,5 л",стекло,GLASS,сильногазированная,false,360,Лимонады,limonady,a8af36d2-ef7a-49ce-8aea-42fdf99359ae,mapped,https://aqualania.ru/product,https://img1.creatium.ru/disk2/7b/cd/44/14b2e2445c79871ad7b06f01cc570d0e86/mango_vinograd.png,artifacts/aqualania-import/2026-08-05T12-38-20-797Z-stage1/processed/AQUALANIA-PREMIUM-MANGO-VINOGRAD-500-GLASS.webp,exact,1922,2924,image/png,new_product,high,approved,,,showcase,,false,on_order,1
AQUALANIA-PREMIUM-SAPERAVI-500-GLASS,"Напиток безалкогольный сильногазированный ""Саперави"" АквАлания","AquAlania Саперави, 0,5 л, стекло",AquAlania,ООО «Константа-7»,PREMIUM,Саперави,500,"0,5 л",стекло,GLASS,сильногазированная,false,360,Лимонады,limonady,a8af36d2-ef7a-49ce-8aea-42fdf99359ae,mapped,https://aqualania.ru/product,https://img1.creatium.ru/disk2/45/21/03/0d903e50106cdbc3516f5a800c1844e920/saperavi_2.png,artifacts/aqualania-import/2026-08-05T12-38-20-797Z-stage1/processed/AQUALANIA-PREMIUM-SAPERAVI-500-GLASS.webp,exact,1852,2973,image/png,new_product,high,approved,,,showcase,,false,on_order,1
AQUALANIA-PREMIUM-SLIVA-500-GLASS,"Напиток безалкогольный сильногазированный ""Слива"" АквАлания","AquAlania Слива, 0,5 л, стекло",AquAlania,ООО «Константа-7»,PREMIUM,Слива,500,"0,5 л",стекло,GLASS,сильногазированная,false,360,Лимонады,limonady,a8af36d2-ef7a-49ce-8aea-42fdf99359ae,mapped,https://aqualania.ru/product,https://img1.creatium.ru/disk2/47/8a/15/b1f4726c9a3372e57846105fab84cccd89/sliva_2.png,artifacts/aqualania-import/2026-08-05T12-38-20-797Z-stage1/processed/AQUALANIA-PREMIUM-SLIVA-500-GLASS.webp,exact,1815,2979,image/png,new_product,high,approved,,,showcase,,false,on_order,1
AQUALANIA-PREMIUM-TARHUN-500-GLASS,"Напиток безалкогольный сильногазированный ""Тархун"" АквАлания","AquAlania Тархун, 0,5 л, стекло",AquAlania,ООО «Константа-7»,PREMIUM,Тархун,500,"0,5 л",стекло,GLASS,сильногазированная,false,360,Лимонады,limonady,a8af36d2-ef7a-49ce-8aea-42fdf99359ae,mapped,https://aqualania.ru/product,https://img1.creatium.ru/disk2/39/1b/24/b02b1f256ede98d698e3b236e00df91149/taruhn.png,artifacts/aqualania-import/2026-08-05T12-38-20-797Z-stage1/processed/AQUALANIA-PREMIUM-TARHUN-500-GLASS.webp,exact,1828,3016,image/png,new_product,high,approved,,,showcase,,false,on_order,1
AQUALANIA-WATER-SPARKLING-500-PET,Вода минеральная природная столовая питьевая «АквАлания» Газированная,"AquAlania вода минеральная газированная, 0,5 л, ПЭТ",AquAlania,ООО «Константа-7»,WATER,Газированная,500,"0,5 л",ПЭТ,PET,газированная,false,720,Газированная вода,voda-gazirovannaya,81730d5f-f669-4ea0-b6af-e0f7d645a8fa,mapped,https://aqualania.ru/product,https://img3.creatium.ru/disk2/dd/70/4c/47eadc634a015ad7e866389bec88e56f59/voda_pet_0_5_gaz_15.png,artifacts/aqualania-import/2026-08-05T12-38-20-797Z-stage1/processed/AQUALANIA-WATER-SPARKLING-500-PET.webp,exact,3833,5729,image/png,new_product,high,approved,,Water carbonation taken from official filename (site DOM order swaps labels).,showcase,,false,on_order,1
AQUALANIA-WATER-STILL-500-PET,Вода минеральная природная столовая питьевая «АквАлания» Негазированная,"AquAlania вода минеральная негазированная, 0,5 л, ПЭТ",AquAlania,ООО «Константа-7»,WATER,Негазированная,500,"0,5 л",ПЭТ,PET,негазированная,false,720,Негазированная вода,voda-negazirovannaya,977a592b-8d39-4bac-afe4-a7d17687657d,mapped,https://aqualania.ru/product,https://img3.creatium.ru/disk2/1a/b8/7a/2b6d66b4ec363294fe8df3588971e93795/voda_pet_0_5_ne_gaz_15.png,artifacts/aqualania-import/2026-08-05T12-38-20-797Z-stage1/processed/AQUALANIA-WATER-STILL-500-PET.webp,exact,3841,5361,image/png,new_product,high,approved,,Water carbonation taken from official filename (site DOM order swaps labels).,showcase,,false,on_order,1
