slug,official_name,url,source_categories,variant_count
ajva,«Айва»,https://www.bavaria-group.ru/beer-product/ajva,/beer-category/stm-dla-partnerov,1
avaral,«Аварал»,https://www.bavaria-group.ru/beer-product/avaral,/beer-category/stm-dla-partnerov,1
bezalkogolnyj-silnogazirovannyj-napitok-dreamix,Безалкогольный сильногазированный напиток «Dreamix»,https://www.bavaria-group.ru/beer-product/bezalkogolnyj-silnogazirovannyj-napitok-dreamix,/beer-category/bezalkogolnye-napitki-bavaria,4
black-rocket,«BLACK ROCKET»,https://www.bavaria-group.ru/beer-product/black-rocket,/beer-category/stm-dla-partnerov,2
bojlernoe-pivo,Советская история бойлерного вдохновения,https://www.bavaria-group.ru/beer-product/bojlernoe-pivo,/beer-category/pivo-i-sidr,1
cola-limited-edition,«Cola Limited Edition»,https://www.bavaria-group.ru/beer-product/cola-limited-edition,/beer-category/stm-dla-partnerov,2
dreamix,"Безалкогольные сильногазированные напитки ""Dreamix. Toniс""",https://www.bavaria-group.ru/beer-product/dreamix,/beer-category/bezalkogolnye-napitki-bavaria,2
elf-bezalkogolnoe,«Elf» безалкогольное,https://www.bavaria-group.ru/beer-product/elf-bezalkogolnoe,/beer-category/pivo-i-sidr,1
gornaa-rodnikovaa-voda-tbau-detskaa,Горная родниковая вода «ТБАУ Детская»,https://www.bavaria-group.ru/beer-product/gornaa-rodnikovaa-voda-tbau-detskaa,/beer-category/gornaa-rodnikovaa-voda-tbau,1
gornaa-voda,«Горная вода»,https://www.bavaria-group.ru/beer-product/gornaa-voda,/beer-category/stm-dla-partnerov,3
holodnyj-caj-mountea,Холодный чай «Mountea»,https://www.bavaria-group.ru/beer-product/holodnyj-caj-mountea,/beer-category/bezalkogolnye-napitki-bavaria,2
kola-limited-edition,Кола Premium LIMITED EDITION,https://www.bavaria-group.ru/beer-product/kola-limited-edition,/beer-category/bezalkogolnye-napitki-bavaria,1
kola-limited-edition-2,«Cola Limited Edition»,https://www.bavaria-group.ru/beer-product/kola-limited-edition-2,/beer-category/stm-dla-partnerov,3
kola-premium-sugar-free,Кола Premium SUGAR FREE,https://www.bavaria-group.ru/beer-product/kola-premium-sugar-free,/beer-category/bezalkogolnye-napitki-bavaria,1
kvas-dobrecov,Квас «Добрецовъ»,https://www.bavaria-group.ru/beer-product/kvas-dobrecov,/beer-category/bezalkogolnye-napitki-bavaria,1
kvas-dobrecov-bockovoj,Квас «Добрецовъ Бочковой»,https://www.bavaria-group.ru/beer-product/kvas-dobrecov-bockovoj,/beer-category/bezalkogolnye-napitki-bavaria,1
linejka-naturalnyh-napitkov-mountea-botanic,Линейка натуральных напитков MOUNTEA botanic,https://www.bavaria-group.ru/beer-product/linejka-naturalnyh-napitkov-mountea-botanic,/beer-category/bezalkogolnye-napitki-bavaria,3
napitok-bezalkogolnyj-silnogazirovannyj-mohito,Напиток безалкогольный сильногазированный MОХИТО,https://www.bavaria-group.ru/beer-product/napitok-bezalkogolnyj-silnogazirovannyj-mohito,/beer-category/bezalkogolnye-napitki-bavaria,2
new-orange,New Orange,https://www.bavaria-group.ru/beer-product/new-orange,/beer-category/bezalkogolnye-napitki-bavaria,1
nordisch-bier,Nordisch bier,https://www.bavaria-group.ru/beer-product/nordisch-bier,/beer-category/pivo-i-sidr,1
pitevaa-voda-dla-kulerov,Питьевая вода для кулеров,https://www.bavaria-group.ru/beer-product/pitevaa-voda-dla-kulerov,/beer-category/gornaa-rodnikovaa-voda-tbau,1
pivo-bavaria-avstrijskoe-svetloe-filtrovannoe,Пиво Бавария «Австрийское» светлое фильтрованное,https://www.bavaria-group.ru/beer-product/pivo-bavaria-avstrijskoe-svetloe-filtrovannoe,/beer-category/pivo-i-sidr,1
pivo-bavaria-belgijskoe-svetloe-filtrovannoe,Пиво Бавария «Бельгийское» светлое нефильтрованное,https://www.bavaria-group.ru/beer-product/pivo-bavaria-belgijskoe-svetloe-filtrovannoe,/beer-category/pivo-i-sidr,2
pivo-bavaria-elf-svetloe-filtrovannoe,Пиво Бавария «Elf» светлое фильтрованное,https://www.bavaria-group.ru/beer-product/pivo-bavaria-elf-svetloe-filtrovannoe,/beer-category/pivo-i-sidr,1
pivo-bavaria-prazskoe-svetloe-filtrovannoe,"Пиво Бавария ""Пражское"" светлое фильтрованное",https://www.bavaria-group.ru/beer-product/pivo-bavaria-prazskoe-svetloe-filtrovannoe,/beer-category/pivo-i-sidr,1
pivo-bavaria-svetloe-filtrovannoe,Пиво Бавария «светлое» фильтрованное,https://www.bavaria-group.ru/beer-product/pivo-bavaria-svetloe-filtrovannoe,/beer-category/pivo-i-sidr,1
pivo-bavaria-svetloe-nefiltrovannoe,Пиво Бавария «светлое» нефильтрованное,https://www.bavaria-group.ru/beer-product/pivo-bavaria-svetloe-nefiltrovannoe,/beer-category/pivo-i-sidr,2
pivo-bavaria-temnoe-filtrovannoe,Пиво Бавария «темное» фильтрованное,https://www.bavaria-group.ru/beer-product/pivo-bavaria-temnoe-filtrovannoe,/beer-category/pivo-i-sidr,3
pivo-bavaria-vladikavkazskoe-svetloe-filtrovannoe,"Пиво Бавария ""Владикавказское"" светлое фильтрованное",https://www.bavaria-group.ru/beer-product/pivo-bavaria-vladikavkazskoe-svetloe-filtrovannoe,/beer-category/pivo-i-sidr,1
silnogazirovannye-bezalkogolnye-napitki-honga,"Сильногазированные безалкогольные напитки ""Хонга""",https://www.bavaria-group.ru/beer-product/silnogazirovannye-bezalkogolnye-napitki-honga,/beer-category/bezalkogolnye-napitki-bavaria,1
silnogazirovannyj-napitok-limnada,Сильногазированный напиток «Лимнада»,https://www.bavaria-group.ru/beer-product/silnogazirovannyj-napitok-limnada,/beer-category/bezalkogolnye-napitki-bavaria,2
sladkie-gazirovannye-napitki,Сладкие газированные напитки,https://www.bavaria-group.ru/beer-product/sladkie-gazirovannye-napitki,/beer-category/bezalkogolnye-napitki-bavaria,2
sladkie-gazirovannye-napitki-premium,Сладкие газированные напитки «Premium»,https://www.bavaria-group.ru/beer-product/sladkie-gazirovannye-napitki-premium,/beer-category/bezalkogolnye-napitki-bavaria,2
sladkij-silnogazirovannyj-napitok-cajka,Сладкие газированные напитки линейки «Ретро»,https://www.bavaria-group.ru/beer-product/sladkij-silnogazirovannyj-napitok-cajka,/beer-category/bezalkogolnye-napitki-bavaria,3
sokosoderzasij-napitok-f,Сокосодержащий напиток «Ф»,https://www.bavaria-group.ru/beer-product/sokosoderzasij-napitok-f,/beer-category/bezalkogolnye-napitki-bavaria,2
svetloe-bezalkogolnoe,«Светлое» безалкогольное,https://www.bavaria-group.ru/beer-product/svetloe-bezalkogolnoe,/beer-category/pivo-i-sidr,2
svetlyj-lager-gallagher,Светлый лагер Gallagher,https://www.bavaria-group.ru/beer-product/svetlyj-lager-gallagher,/beer-category/pivo-i-sidr,1
swipe,Сильногазированный напиток «SWIPE»,https://www.bavaria-group.ru/beer-product/swipe,/beer-category/bezalkogolnye-napitki-bavaria,1
tbau,«ВкусВилл»,https://www.bavaria-group.ru/beer-product/tbau,/beer-category/stm-dla-partnerov,1
vitaminnyj-napitok-rocket-ride,Витаминный энергетический напиток Rocket Ride,https://www.bavaria-group.ru/beer-product/vitaminnyj-napitok-rocket-ride,/beer-category/bezalkogolnye-napitki-bavaria,5
zagolovok-produkta,Минеральная лечебно-столовая вода «Казбек-Аква»,https://www.bavaria-group.ru/beer-product/zagolovok-produkta,/beer-category/mineralnaa-voda-kazbek-akva,1
zagolovok-produkta-2,Горная родниковая вода «ТБАУ»,https://www.bavaria-group.ru/beer-product/zagolovok-produkta-2,/beer-category/gornaa-rodnikovaa-voda-tbau,1
