proposed_sku,source_image_url,local_image_path,sha256,bytes,status,notes
BAVARIA-AYVA-AYVA-GAZIROVANNAYA-500-GLASS,https://www.bavaria-group.ru/files/beer_items/93_1726236498.png,/workspace/artifacts/bavaria-import/2026-07-31T10-52-18-371Z/images/bavaria-ayva-ayva-0-5-l-steklo.png,857190772fe54f85b52a5a500c2ca49d3c5e01115ad695c650695e6c9d5e8f55,704273,downloaded,
BAVARIA-AYVA-AYVA-NEGAZIROVANNAYA-500-GLASS,https://www.bavaria-group.ru/files/beer_items/93_1726236498.png,/workspace/artifacts/bavaria-import/2026-07-31T10-52-18-371Z/images/bavaria-ayva-ayva-0-5-l-steklo.png,857190772fe54f85b52a5a500c2ca49d3c5e01115ad695c650695e6c9d5e8f55,704273,reused,Дубликат содержимого — переиспользован файл
BAVARIA-AYVA-AYVA-GAZIROVANNAYA-500-PET,https://www.bavaria-group.ru/files/beer_items/93_1726236498.png,/workspace/artifacts/bavaria-import/2026-07-31T10-52-18-371Z/images/bavaria-ayva-ayva-0-5-l-steklo.png,857190772fe54f85b52a5a500c2ca49d3c5e01115ad695c650695e6c9d5e8f55,704273,reused,Дубликат содержимого — переиспользован файл
BAVARIA-AYVA-AYVA-NEGAZIROVANNAYA-500-PET,https://www.bavaria-group.ru/files/beer_items/93_1726236498.png,/workspace/artifacts/bavaria-import/2026-07-31T10-52-18-371Z/images/bavaria-ayva-ayva-0-5-l-steklo.png,857190772fe54f85b52a5a500c2ca49d3c5e01115ad695c650695e6c9d5e8f55,704273,reused,Дубликат содержимого — переиспользован файл
BAVARIA-BLACK-ROCKET-BLACK-ROCKET-450-CAN,https://www.bavaria-group.ru/files/beer_items/89_1726224339.png,/workspace/artifacts/bavaria-import/2026-07-31T10-52-18-371Z/images/bavaria-black-rocket-black-rocket-0-45-l-banka.png,57ac2a68409470816065dd8f426fa948da7ea9e1f0a549eed0768cbe7214e3e3,1660472,downloaded,
BAVARIA-BLACK-ROCKET-BLACK-ROCKET-500-PET,https://www.bavaria-group.ru/files/beer_items/90_1726224400.png,/workspace/artifacts/bavaria-import/2026-07-31T10-52-18-371Z/images/bavaria-black-rocket-black-rocket-0-5-l-pet.png,d5d6806651c08d39b256e997f96c3d3dc3ca87d7b3649257c7cf45633030131d,1866107,downloaded,
BAVARIA-DREAMIX-INDIAN-TONIK-GAZIROVANNAYA-1000-PET,https://www.bavaria-group.ru/files/beer_items/127_1775207748.png,/workspace/artifacts/bavaria-import/2026-07-31T10-52-18-371Z/images/bavaria-dreamix-indian-tonik-1-l-pet.png,5492023dd9cfe7b7c99e8b56ac757d657fe2be93400cd8c46bb98985027d4f76,677065,downloaded,
BAVARIA-DREAMIX-INDIAN-TONIK-GAZIROVANNAYA-330-GLASS,https://www.bavaria-group.ru/files/beer_items/127_1775207748.png,/workspace/artifacts/bavaria-import/2026-07-31T10-52-18-371Z/images/bavaria-dreamix-indian-tonik-1-l-pet.png,5492023dd9cfe7b7c99e8b56ac757d657fe2be93400cd8c46bb98985027d4f76,677065,reused,Дубликат содержимого — переиспользован файл
BAVARIA-DREAMIX-BITTER-LEMON-GAZIROVANNAYA-1000-PET,https://www.bavaria-group.ru/files/beer_items/128_1775214996.png,/workspace/artifacts/bavaria-import/2026-07-31T10-52-18-371Z/images/bavaria-dreamix-bitter-lemon-1-l-pet.png,9568c0112fb15c7ad6562c180ae32d13ec5c326fdbb1ca65d727d8f927c460ae,2677237,downloaded,
BAVARIA-DREAMIX-BITTER-LEMON-GAZIROVANNAYA-330-GLASS,https://www.bavaria-group.ru/files/beer_items/128_1775214996.png,/workspace/artifacts/bavaria-import/2026-07-31T10-52-18-371Z/images/bavaria-dreamix-bitter-lemon-1-l-pet.png,9568c0112fb15c7ad6562c180ae32d13ec5c326fdbb1ca65d727d8f927c460ae,2677237,reused,Дубликат содержимого — переиспользован файл
BAVARIA-BAVARIYA-ELF-450-GLASS,https://www.bavaria-group.ru/files/beer_items/55_1740991309.jpg,/workspace/artifacts/bavaria-import/2026-07-31T10-52-18-371Z/images/bavaria-bavariya-elf-0-45-l-steklo.jpg,252418e80c2b75d53ef5e7a1ff4060c5a06b21373c9d493af09424f794c899cb,775339,downloaded,
BAVARIA-TBAU-GORNAA-RODNIKOVAA-VODA-TBAU-5000-PET,https://www.bavaria-group.ru/files/beer_items/30_1758714960.png,/workspace/artifacts/bavaria-import/2026-07-31T10-52-18-371Z/images/bavaria-tbau-gornaya-rodnikovaya-5-l-pet.png,97742678bda72352374cdbe1c051801cdec7f29b5ed24a7081309a6a7bd8c1be,1304825,downloaded,
BAVARIA-TBAU-GORNAA-RODNIKOVAA-VODA-TBAU-1500-PET,https://www.bavaria-group.ru/files/beer_items/30_1758714960.png,/workspace/artifacts/bavaria-import/2026-07-31T10-52-18-371Z/images/bavaria-tbau-gornaya-rodnikovaya-5-l-pet.png,97742678bda72352374cdbe1c051801cdec7f29b5ed24a7081309a6a7bd8c1be,1304825,reused,Дубликат содержимого — переиспользован файл
BAVARIA-TBAU-GORNAA-RODNIKOVAA-VODA-TBAU-D-500-PET,https://www.bavaria-group.ru/files/beer_items/30_1758714960.png,/workspace/artifacts/bavaria-import/2026-07-31T10-52-18-371Z/images/bavaria-tbau-gornaya-rodnikovaya-5-l-pet.png,97742678bda72352374cdbe1c051801cdec7f29b5ed24a7081309a6a7bd8c1be,1304825,reused,Дубликат содержимого — переиспользован файл
BAVARIA-TBAU-GORNAA-RODNIKOVAA-VODA-TBAU-D-330-PET,https://www.bavaria-group.ru/files/beer_items/30_1758714960.png,/workspace/artifacts/bavaria-import/2026-07-31T10-52-18-371Z/images/bavaria-tbau-gornaya-rodnikovaya-5-l-pet.png,97742678bda72352374cdbe1c051801cdec7f29b5ed24a7081309a6a7bd8c1be,1304825,reused,Дубликат содержимого — переиспользован файл
BAVARIA-GORNAYA-VODA-GORNAA-VODA-GAZIROVANNAYA-500-PET,https://www.bavaria-group.ru/files/beer_items/82_1757514706.jpg,/workspace/artifacts/bavaria-import/2026-07-31T10-52-18-371Z/images/bavaria-gornaya-voda-gornaya-voda-0-5-l-pet.jpg,cb17b8ed2577840e053b937f51268fdaf4cd451999abcdd2e4499f7be14547dd,48218,downloaded,
BAVARIA-GORNAYA-VODA-GORNAA-VODA-NEGAZIROVANNAYA-500-PET,https://www.bavaria-group.ru/files/beer_items/82_1757514706.jpg,/workspace/artifacts/bavaria-import/2026-07-31T10-52-18-371Z/images/bavaria-gornaya-voda-gornaya-voda-0-5-l-pet.jpg,cb17b8ed2577840e053b937f51268fdaf4cd451999abcdd2e4499f7be14547dd,48218,reused,Дубликат содержимого — переиспользован файл
BAVARIA-GORNAYA-VODA-GORNAA-VODA-GAZIROVANNAYA-450-GLASS,https://www.bavaria-group.ru/files/beer_items/83_1726217046.png,/workspace/artifacts/bavaria-import/2026-07-31T10-52-18-371Z/images/bavaria-gornaya-voda-gornaya-voda-0-45-l-steklo.png,b09aeee05483a49cb85cfe0ce47361292b499c93faff379d277e01c8377ef585,774307,downloaded,
BAVARIA-GORNAYA-VODA-GORNAA-VODA-NEGAZIROVANNAYA-450-GLASS,https://www.bavaria-group.ru/files/beer_items/83_1726217046.png,/workspace/artifacts/bavaria-import/2026-07-31T10-52-18-371Z/images/bavaria-gornaya-voda-gornaya-voda-0-45-l-steklo.png,b09aeee05483a49cb85cfe0ce47361292b499c93faff379d277e01c8377ef585,774307,reused,Дубликат содержимого — переиспользован файл
BAVARIA-GORNAYA-VODA-GORNAA-VODA-GAZIROVANNAYA-1500-PET,https://www.bavaria-group.ru/files/beer_items/84_1726217054.png,/workspace/artifacts/bavaria-import/2026-07-31T10-52-18-371Z/images/bavaria-gornaya-voda-gornaya-voda-1-5-l-pet.png,1f34f69967d2c6602066957036e02474399a8c3a002a5e293a48c38cf127cfe6,707044,downloaded,
BAVARIA-GORNAYA-VODA-GORNAA-VODA-NEGAZIROVANNAYA-1500-PET,https://www.bavaria-group.ru/files/beer_items/84_1726217054.png,/workspace/artifacts/bavaria-import/2026-07-31T10-52-18-371Z/images/bavaria-gornaya-voda-gornaya-voda-1-5-l-pet.png,1f34f69967d2c6602066957036e02474399a8c3a002a5e293a48c38cf127cfe6,707044,reused,Дубликат содержимого — переиспользован файл
BAVARIA-MOUNTEA-PERSIK-1500-PET,https://www.bavaria-group.ru/files/beer_items/28_1758711718.png,/workspace/artifacts/bavaria-import/2026-07-31T10-52-18-371Z/images/bavaria-mountea-persik-1-5-l-pet.png,778daae5cd569b28d9299b0cb662fa83da7078ffe06f68a57fd89ffd84a95efb,808943,downloaded,
BAVARIA-MOUNTEA-PERSIK-500-PET,https://www.bavaria-group.ru/files/beer_items/28_1758711718.png,/workspace/artifacts/bavaria-import/2026-07-31T10-52-18-371Z/images/bavaria-mountea-persik-1-5-l-pet.png,778daae5cd569b28d9299b0cb662fa83da7078ffe06f68a57fd89ffd84a95efb,808943,reused,Дубликат содержимого — переиспользован файл
BAVARIA-MOUNTEA-LESNYE-YAGODY-330-CAN,https://www.bavaria-group.ru/files/beer_items/67_1758711780.png,/workspace/artifacts/bavaria-import/2026-07-31T10-52-18-371Z/images/bavaria-mountea-lesnye-yagody-0-33-l-banka.png,1928e94f1834184de4b59ac4f992afe90e343343fc054e6b75236c99a35d900e,185930,downloaded,
BAVARIA-MOUNTEA-PERSIK-ZHB-0-33-L-330-CAN,https://www.bavaria-group.ru/files/beer_items/67_1758711780.png,/workspace/artifacts/bavaria-import/2026-07-31T10-52-18-371Z/images/bavaria-mountea-lesnye-yagody-0-33-l-banka.png,1928e94f1834184de4b59ac4f992afe90e343343fc054e6b75236c99a35d900e,185930,reused,Дубликат содержимого — переиспользован файл
BAVARIA-BAVARIYA-KOLA-PREMIUM-LIMITED-EDITION-1500-PET,https://www.bavaria-group.ru/files/beer_items/65_1718375901.jpg,/workspace/artifacts/bavaria-import/2026-07-31T10-52-18-371Z/images/bavaria-bavariya-kola-premium-limited-1-5-l-pet.jpg,a3815521072c4340b3a7d308bfa1c63d213c8c514786da39e0079a78e265b3c9,1464009,downloaded,
BAVARIA-BAVARIYA-KOLA-PREMIUM-LIMITED-EDITION-500-PET,https://www.bavaria-group.ru/files/beer_items/65_1718375901.jpg,/workspace/artifacts/bavaria-import/2026-07-31T10-52-18-371Z/images/bavaria-bavariya-kola-premium-limited-1-5-l-pet.jpg,a3815521072c4340b3a7d308bfa1c63d213c8c514786da39e0079a78e265b3c9,1464009,reused,Дубликат содержимого — переиспользован файл
BAVARIA-BAVARIYA-KOLA-PREMIUM-LIMITED-EDITIO-500-GLASS,https://www.bavaria-group.ru/files/beer_items/65_1718375901.jpg,/workspace/artifacts/bavaria-import/2026-07-31T10-52-18-371Z/images/bavaria-bavariya-kola-premium-limited-1-5-l-pet.jpg,a3815521072c4340b3a7d308bfa1c63d213c8c514786da39e0079a78e265b3c9,1464009,reused,Дубликат содержимого — переиспользован файл
BAVARIA-BAVARIYA-KOLA-PREMIUM-LIMITED-EDITIO-330-GLASS,https://www.bavaria-group.ru/files/beer_items/65_1718375901.jpg,/workspace/artifacts/bavaria-import/2026-07-31T10-52-18-371Z/images/bavaria-bavariya-kola-premium-limited-1-5-l-pet.jpg,a3815521072c4340b3a7d308bfa1c63d213c8c514786da39e0079a78e265b3c9,1464009,reused,Дубликат содержимого — переиспользован файл
BAVARIA-BAVARIYA-KOLA-PREMIUM-LIMITED-EDITION-330-PET,https://www.bavaria-group.ru/files/beer_items/65_1718375901.jpg,/workspace/artifacts/bavaria-import/2026-07-31T10-52-18-371Z/images/bavaria-bavariya-kola-premium-limited-1-5-l-pet.jpg,a3815521072c4340b3a7d308bfa1c63d213c8c514786da39e0079a78e265b3c9,1464009,reused,Дубликат содержимого — переиспользован файл
BAVARIA-BAVARIYA-KOLA-PREMIUM-SUGAR-FREE-BEZ-1500-PET,https://www.bavaria-group.ru/files/beer_items/125_1765464144.jpg,/workspace/artifacts/bavaria-import/2026-07-31T10-52-18-371Z/images/bavaria-bavariya-kola-premium-sugar-f-1-5-l-pet.jpg,3295ced878897c1c1c8dabf03b525be1babb27e979698ed396cab313e5e77662,465951,downloaded,
BAVARIA-BAVARIYA-KOLA-PREMIUM-SUGAR-FREE-BEZ-1000-PET,https://www.bavaria-group.ru/files/beer_items/125_1765464144.jpg,/workspace/artifacts/bavaria-import/2026-07-31T10-52-18-371Z/images/bavaria-bavariya-kola-premium-sugar-f-1-5-l-pet.jpg,3295ced878897c1c1c8dabf03b525be1babb27e979698ed396cab313e5e77662,465951,reused,Дубликат содержимого — переиспользован файл
BAVARIA-BAVARIYA-KOLA-PREMIUM-SUGAR-FREE-BEZ-S-500-PET,https://www.bavaria-group.ru/files/beer_items/125_1765464144.jpg,/workspace/artifacts/bavaria-import/2026-07-31T10-52-18-371Z/images/bavaria-bavariya-kola-premium-sugar-f-1-5-l-pet.jpg,3295ced878897c1c1c8dabf03b525be1babb27e979698ed396cab313e5e77662,465951,reused,Дубликат содержимого — переиспользован файл
BAVARIA-DOBRETSOV-KVAS-DOBRETSOV-2000-PET,https://www.bavaria-group.ru/files/beer_items/76_1783510510.jpg,/workspace/artifacts/bavaria-import/2026-07-31T10-52-18-371Z/images/bavaria-dobretsov-kvas-dobretsov-2-l-pet.jpg,bc3d4fd8542345a4a0a5318444aa86a2034c152c327e36c6fb4462a04028cf59,1805782,downloaded,
BAVARIA-DOBRETSOV-KVAS-DOBRETSOV-1400-PET,https://www.bavaria-group.ru/files/beer_items/76_1783510510.jpg,/workspace/artifacts/bavaria-import/2026-07-31T10-52-18-371Z/images/bavaria-dobretsov-kvas-dobretsov-2-l-pet.jpg,bc3d4fd8542345a4a0a5318444aa86a2034c152c327e36c6fb4462a04028cf59,1805782,reused,Дубликат содержимого — переиспользован файл
BAVARIA-DOBRETSOV-KVAS-DOBRETSOV-450-PET,https://www.bavaria-group.ru/files/beer_items/76_1783510510.jpg,/workspace/artifacts/bavaria-import/2026-07-31T10-52-18-371Z/images/bavaria-dobretsov-kvas-dobretsov-2-l-pet.jpg,bc3d4fd8542345a4a0a5318444aa86a2034c152c327e36c6fb4462a04028cf59,1805782,reused,Дубликат содержимого — переиспользован файл
BAVARIA-DOBRETSOV-KVAS-DOBRECOV-BOCKOVOJ-2000-PET,https://www.bavaria-group.ru/files/beer_items/139_1783501193.png,/workspace/artifacts/bavaria-import/2026-07-31T10-52-18-371Z/images/bavaria-dobretsov-kvas-dobretsov-bochk-2-l-pet.png,d60f05f14390f4a23bab5d823ab56ad7fe202bbb74f8fa3f0aede0dfd62028f9,891647,downloaded,
BAVARIA-MOUNTEA-CHERNYY-CHAY-S-LIMONOM-I-GOR-1000-PET,https://www.bavaria-group.ru/files/beer_items/135_1783424099.jpg,/workspace/artifacts/bavaria-import/2026-07-31T10-52-18-371Z/images/bavaria-mountea-chernyy-chay-s-limon-1-l-pet.jpg,22a189f1d5d2bc1ad5a843961f7941a35b4037a3d13999cf9a9f7ad2a6275295,470817,downloaded,
BAVARIA-MOUNTEA-ZELENYY-CHAY-S-MANGO-I-ROMAS-1000-PET,https://www.bavaria-group.ru/files/beer_items/135_1783424099.jpg,/workspace/artifacts/bavaria-import/2026-07-31T10-52-18-371Z/images/bavaria-mountea-chernyy-chay-s-limon-1-l-pet.jpg,22a189f1d5d2bc1ad5a843961f7941a35b4037a3d13999cf9a9f7ad2a6275295,470817,reused,Дубликат содержимого — переиспользован файл
BAVARIA-MOUNTEA-CHERNYY-CHAY-S-LIMONOM-I-GORN-500-PET,https://www.bavaria-group.ru/files/beer_items/136_1783424134.jpg,/workspace/artifacts/bavaria-import/2026-07-31T10-52-18-371Z/images/bavaria-mountea-chernyy-chay-s-limon-0-5-l-pet.jpg,cdd1fd9a615007f8eed45dd32755132de97188f35b1dc1a3a36c1128caf94213,427697,downloaded,
BAVARIA-MOUNTEA-ZELENYY-CHAY-S-MANGO-I-ROMASH-500-PET,https://www.bavaria-group.ru/files/beer_items/136_1783424134.jpg,/workspace/artifacts/bavaria-import/2026-07-31T10-52-18-371Z/images/bavaria-mountea-chernyy-chay-s-limon-0-5-l-pet.jpg,cdd1fd9a615007f8eed45dd32755132de97188f35b1dc1a3a36c1128caf94213,427697,reused,Дубликат содержимого — переиспользован файл
BAVARIA-MOUNTEA-CHERNYY-CHAY-S-LIMONOM-I-GORN-330-PET,https://www.bavaria-group.ru/files/beer_items/137_1783424192.jpg,/workspace/artifacts/bavaria-import/2026-07-31T10-52-18-371Z/images/bavaria-mountea-chernyy-chay-s-limon-0-33-l-pet.jpg,8eee068bbabf59ac5f399088d4318e8af4c4fb56bd538c402d460af6dbac6b85,422122,downloaded,
BAVARIA-MOUNTEA-ZELENYY-CHAY-S-MANGO-I-ROMASH-330-PET,https://www.bavaria-group.ru/files/beer_items/137_1783424192.jpg,/workspace/artifacts/bavaria-import/2026-07-31T10-52-18-371Z/images/bavaria-mountea-chernyy-chay-s-limon-0-33-l-pet.jpg,8eee068bbabf59ac5f399088d4318e8af4c4fb56bd538c402d460af6dbac6b85,422122,reused,Дубликат содержимого — переиспользован файл
BAVARIA-BAVARIYA-MOHITO-KLUBNIKA-ZEMLYANIKA-GA-450-PET,https://www.bavaria-group.ru/files/beer_items/131_1780557583.png,/workspace/artifacts/bavaria-import/2026-07-31T10-52-18-371Z/images/bavaria-bavariya-mohito-klubnika-zeml-0-45-l-pet.png,64a74e9fa802c076f23d672261203b2e22ac77d412fb484f87366734baf9ad42,217922,downloaded,
BAVARIA-BAVARIYA-MOHITO-FRESH-LIME-MINT-SVEZHI-450-PET,https://www.bavaria-group.ru/files/beer_items/132_1780557699.png,/workspace/artifacts/bavaria-import/2026-07-31T10-52-18-371Z/images/bavaria-bavariya-mohito-fresh-lime-mi-0-45-l-pet.png,4ba7bddeb297f77c8630b9f221be535288c01902b9bf76973b945a5288a49554,213374,downloaded,
BAVARIA-BAVARIYA-NEW-ORANGE-500-PET,https://www.bavaria-group.ru/files/beer_items/110_1757078392.png,/workspace/artifacts/bavaria-import/2026-07-31T10-52-18-371Z/images/bavaria-bavariya-new-orange-0-5-l-pet.png,7e74251de4e47560fd654039c281154c0807a0ac8502e805b7b3ebc2b23abc1a,430553,downloaded,
BAVARIA-BAVARIYA-NEW-ORANGE-1000-PET,https://www.bavaria-group.ru/files/beer_items/110_1757078392.png,/workspace/artifacts/bavaria-import/2026-07-31T10-52-18-371Z/images/bavaria-bavariya-new-orange-0-5-l-pet.png,7e74251de4e47560fd654039c281154c0807a0ac8502e805b7b3ebc2b23abc1a,430553,reused,Дубликат содержимого — переиспользован файл
BAVARIA-BAVARIYA-NEW-ORANGE-1500-PET,https://www.bavaria-group.ru/files/beer_items/110_1757078392.png,/workspace/artifacts/bavaria-import/2026-07-31T10-52-18-371Z/images/bavaria-bavariya-new-orange-0-5-l-pet.png,7e74251de4e47560fd654039c281154c0807a0ac8502e805b7b3ebc2b23abc1a,430553,reused,Дубликат содержимого — переиспользован файл
BAVARIA-TBAU-TBAU-NEGAZIROVANNAYA-GAZIRO-19000-PET,https://www.bavaria-group.ru/files/beer_items/33_1716877500.jpg,/workspace/artifacts/bavaria-import/2026-07-31T10-52-18-371Z/images/bavaria-tbau-tbau-negazirovannaya-19-l-pet.jpg,8647ab50ca7bb6f59efd74ddb5c3b2ddfc0da75ba538152d9cd9a32e123b0059,330891,downloaded,
BAVARIA-TBAU-TBAU-NEGAZIROVANNAYA-NEGAZI-19000-PET,https://www.bavaria-group.ru/files/beer_items/33_1716877500.jpg,/workspace/artifacts/bavaria-import/2026-07-31T10-52-18-371Z/images/bavaria-tbau-tbau-negazirovannaya-19-l-pet.jpg,8647ab50ca7bb6f59efd74ddb5c3b2ddfc0da75ba538152d9cd9a32e123b0059,330891,reused,Дубликат содержимого — переиспользован файл
BAVARIA-HONG-EZHEVIKA-GAZIROVANNAYA-500-PET,https://www.bavaria-group.ru/files/beer_items/129_1775745544.jpg,/workspace/artifacts/bavaria-import/2026-07-31T10-52-18-371Z/images/bavaria-hong-ezhevika-0-5-l-pet.jpg,4936aea74cd16629a9f49cdb8429908741954278c8d5406a0877ec02c46f1abd,417452,downloaded,
BAVARIA-HONG-CHERESHNYA-GAZIROVANNAYA-500-PET,https://www.bavaria-group.ru/files/beer_items/129_1775745544.jpg,/workspace/artifacts/bavaria-import/2026-07-31T10-52-18-371Z/images/bavaria-hong-ezhevika-0-5-l-pet.jpg,4936aea74cd16629a9f49cdb8429908741954278c8d5406a0877ec02c46f1abd,417452,reused,Дубликат содержимого — переиспользован файл
BAVARIA-HONG-VINOGRAD-GAZIROVANNAYA-500-PET,https://www.bavaria-group.ru/files/beer_items/129_1775745544.jpg,/workspace/artifacts/bavaria-import/2026-07-31T10-52-18-371Z/images/bavaria-hong-ezhevika-0-5-l-pet.jpg,4936aea74cd16629a9f49cdb8429908741954278c8d5406a0877ec02c46f1abd,417452,reused,Дубликат содержимого — переиспользован файл
BAVARIA-HONG-YABLOKO-SHELKOVITSA-FORMAT-0-500-PET,https://www.bavaria-group.ru/files/beer_items/129_1775745544.jpg,/workspace/artifacts/bavaria-import/2026-07-31T10-52-18-371Z/images/bavaria-hong-ezhevika-0-5-l-pet.jpg,4936aea74cd16629a9f49cdb8429908741954278c8d5406a0877ec02c46f1abd,417452,reused,Дубликат содержимого — переиспользован файл
BAVARIA-LIMNADA-ANANAS-GAZIROVANNAYA-1500-PET,https://www.bavaria-group.ru/files/beer_items/58_1718608488.jpg,/workspace/artifacts/bavaria-import/2026-07-31T10-52-18-371Z/images/bavaria-limnada-ananas-1-5-l-pet.jpg,8b15115926f6a26fe17088456da0d1ff6be7f175d0b89ad2d828f9071d5b5e4f,1598978,downloaded,
BAVARIA-LIMNADA-KREM-SODA-GAZIROVANNAYA-1500-PET,https://www.bavaria-group.ru/files/beer_items/58_1718608488.jpg,/workspace/artifacts/bavaria-import/2026-07-31T10-52-18-371Z/images/bavaria-limnada-ananas-1-5-l-pet.jpg,8b15115926f6a26fe17088456da0d1ff6be7f175d0b89ad2d828f9071d5b5e4f,1598978,reused,Дубликат содержимого — переиспользован файл
BAVARIA-LIMNADA-DYUSHES-GAZIROVANNAYA-1500-PET,https://www.bavaria-group.ru/files/beer_items/58_1718608488.jpg,/workspace/artifacts/bavaria-import/2026-07-31T10-52-18-371Z/images/bavaria-limnada-ananas-1-5-l-pet.jpg,8b15115926f6a26fe17088456da0d1ff6be7f175d0b89ad2d828f9071d5b5e4f,1598978,reused,Дубликат содержимого — переиспользован файл
BAVARIA-LIMNADA-KREM-SODA-GAZIROVANNAYA-500-PET,https://www.bavaria-group.ru/files/beer_items/68_1718376439.jpg,/workspace/artifacts/bavaria-import/2026-07-31T10-52-18-371Z/images/bavaria-limnada-krem-soda-0-5-l-pet.jpg,d345202b88bcc8390e459f4ef1cce379adea6ae1f221f7ee8e1507bff2d4b710,1389120,downloaded,
BAVARIA-LIMNADA-DYUSHES-GAZIROVANNAYA-500-PET,https://www.bavaria-group.ru/files/beer_items/68_1718376439.jpg,/workspace/artifacts/bavaria-import/2026-07-31T10-52-18-371Z/images/bavaria-limnada-krem-soda-0-5-l-pet.jpg,d345202b88bcc8390e459f4ef1cce379adea6ae1f221f7ee8e1507bff2d4b710,1389120,reused,Дубликат содержимого — переиспользован файл
BAVARIA-BAVARIYA-GRUSHA-GAZIROVANNAYA-1500-PET,https://www.bavaria-group.ru/files/beer_items/95_1730364037.jpg,/workspace/artifacts/bavaria-import/2026-07-31T10-52-18-371Z/images/bavaria-bavariya-grusha-1-5-l-pet.jpg,1c25068925bcdc13bed83981099e56282a575cfdcfd616537e56975011f02b48,2319109,downloaded,
BAVARIA-BAVARIYA-APELSIN-GAZIROVANNAYA-1500-PET,https://www.bavaria-group.ru/files/beer_items/95_1730364037.jpg,/workspace/artifacts/bavaria-import/2026-07-31T10-52-18-371Z/images/bavaria-bavariya-grusha-1-5-l-pet.jpg,1c25068925bcdc13bed83981099e56282a575cfdcfd616537e56975011f02b48,2319109,reused,Дубликат содержимого — переиспользован файл
BAVARIA-BAVARIYA-TARHUN-GAZIROVANNAYA-1500-PET,https://www.bavaria-group.ru/files/beer_items/95_1730364037.jpg,/workspace/artifacts/bavaria-import/2026-07-31T10-52-18-371Z/images/bavaria-bavariya-grusha-1-5-l-pet.jpg,1c25068925bcdc13bed83981099e56282a575cfdcfd616537e56975011f02b48,2319109,reused,Дубликат содержимого — переиспользован файл
BAVARIA-BAVARIYA-PITAHAYYA-GAZIROVANNAYA-1500-PET,https://www.bavaria-group.ru/files/beer_items/95_1730364037.jpg,/workspace/artifacts/bavaria-import/2026-07-31T10-52-18-371Z/images/bavaria-bavariya-grusha-1-5-l-pet.jpg,1c25068925bcdc13bed83981099e56282a575cfdcfd616537e56975011f02b48,2319109,reused,Дубликат содержимого — переиспользован файл
BAVARIA-BAVARIYA-MOHITO-GAZIROVANNAYA-1500-PET,https://www.bavaria-group.ru/files/beer_items/95_1730364037.jpg,/workspace/artifacts/bavaria-import/2026-07-31T10-52-18-371Z/images/bavaria-bavariya-grusha-1-5-l-pet.jpg,1c25068925bcdc13bed83981099e56282a575cfdcfd616537e56975011f02b48,2319109,reused,Дубликат содержимого — переиспользован файл
BAVARIA-BAVARIYA-GRUSHA-GAZIROVANNAYA-500-PET,https://www.bavaria-group.ru/files/beer_items/97_1730364236.jpg,/workspace/artifacts/bavaria-import/2026-07-31T10-52-18-371Z/images/bavaria-bavariya-grusha-0-5-l-pet.jpg,884c87b1b4de115147a717d59ef4fe472647cef388d705aabc20dfdd4b779395,1761914,downloaded,
BAVARIA-BAVARIYA-TARHUN-GAZIROVANNAYA-500-PET,https://www.bavaria-group.ru/files/beer_items/97_1730364236.jpg,/workspace/artifacts/bavaria-import/2026-07-31T10-52-18-371Z/images/bavaria-bavariya-grusha-0-5-l-pet.jpg,884c87b1b4de115147a717d59ef4fe472647cef388d705aabc20dfdd4b779395,1761914,reused,Дубликат содержимого — переиспользован файл
BAVARIA-BAVARIYA-GRUSHA-GAZIROVANNAYA-500-GLASS,https://www.bavaria-group.ru/files/beer_items/22_1730373939.jpg,/workspace/artifacts/bavaria-import/2026-07-31T10-52-18-371Z/images/bavaria-bavariya-grusha-0-5-l-steklo.jpg,ee5a5506b3d8523fbd017fac882802040acd8b5db28ad7a5fba882f52a8827b0,2338837,downloaded,
BAVARIA-BAVARIYA-TARHUN-GAZIROVANNAYA-500-GLASS,https://www.bavaria-group.ru/files/beer_items/22_1730373939.jpg,/workspace/artifacts/bavaria-import/2026-07-31T10-52-18-371Z/images/bavaria-bavariya-grusha-0-5-l-steklo.jpg,ee5a5506b3d8523fbd017fac882802040acd8b5db28ad7a5fba882f52a8827b0,2338837,reused,Дубликат содержимого — переиспользован файл
BAVARIA-BAVARIYA-APELSIN-GAZIROVANNAYA-500-GLASS,https://www.bavaria-group.ru/files/beer_items/22_1730373939.jpg,/workspace/artifacts/bavaria-import/2026-07-31T10-52-18-371Z/images/bavaria-bavariya-grusha-0-5-l-steklo.jpg,ee5a5506b3d8523fbd017fac882802040acd8b5db28ad7a5fba882f52a8827b0,2338837,reused,Дубликат содержимого — переиспользован файл
BAVARIA-BAVARIYA-GRANAT-GAZIROVANNAYA-500-GLASS,https://www.bavaria-group.ru/files/beer_items/22_1730373939.jpg,/workspace/artifacts/bavaria-import/2026-07-31T10-52-18-371Z/images/bavaria-bavariya-grusha-0-5-l-steklo.jpg,ee5a5506b3d8523fbd017fac882802040acd8b5db28ad7a5fba882f52a8827b0,2338837,reused,Дубликат содержимого — переиспользован файл
BAVARIA-BAVARIYA-FEYHOA-GAZIROVANNAYA-500-GLASS,https://www.bavaria-group.ru/files/beer_items/22_1730373939.jpg,/workspace/artifacts/bavaria-import/2026-07-31T10-52-18-371Z/images/bavaria-bavariya-grusha-0-5-l-steklo.jpg,ee5a5506b3d8523fbd017fac882802040acd8b5db28ad7a5fba882f52a8827b0,2338837,reused,Дубликат содержимого — переиспользован файл
BAVARIA-BAVARIYA-GRUSHA-GAZIROVANNAYA-1200-PET,https://www.bavaria-group.ru/files/beer_items/126_1772458839.png,/workspace/artifacts/bavaria-import/2026-07-31T10-52-18-371Z/images/bavaria-bavariya-grusha-1-2-l-pet.png,6fc10cd701c7afda3349476ae78b04c19d4fb4e38de955991158270f1598de4a,1341584,downloaded,
BAVARIA-BAVARIYA-TARHUN-GAZIROVANNAYA-1200-PET,https://www.bavaria-group.ru/files/beer_items/126_1772458839.png,/workspace/artifacts/bavaria-import/2026-07-31T10-52-18-371Z/images/bavaria-bavariya-grusha-1-2-l-pet.png,6fc10cd701c7afda3349476ae78b04c19d4fb4e38de955991158270f1598de4a,1341584,reused,Дубликат содержимого — переиспользован файл
BAVARIA-BAVARIYA-GRANAT-GAZIROVANNAYA-1200-PET,https://www.bavaria-group.ru/files/beer_items/126_1772458839.png,/workspace/artifacts/bavaria-import/2026-07-31T10-52-18-371Z/images/bavaria-bavariya-grusha-1-2-l-pet.png,6fc10cd701c7afda3349476ae78b04c19d4fb4e38de955991158270f1598de4a,1341584,reused,Дубликат содержимого — переиспользован файл
BAVARIA-BAVARIYA-FEYHOA-GAZIROVANNAYA-1200-PET,https://www.bavaria-group.ru/files/beer_items/126_1772458839.png,/workspace/artifacts/bavaria-import/2026-07-31T10-52-18-371Z/images/bavaria-bavariya-grusha-1-2-l-pet.png,6fc10cd701c7afda3349476ae78b04c19d4fb4e38de955991158270f1598de4a,1341584,reused,Дубликат содержимого — переиспользован файл
BAVARIA-BAVARIYA-SLADKIY-SILNOGAZIROVANNYY-N-450-GLASS,https://www.bavaria-group.ru/files/beer_items/25_1765459937.jpg,/workspace/artifacts/bavaria-import/2026-07-31T10-52-18-371Z/images/bavaria-bavariya-sladkiy-silnogazirov-0-45-l-steklo.jpg,39c203a89836298db7f97342b4010c6f240e060a92ad80e844d468ad68a0eb2d,377099,downloaded,
BAVARIA-BAVARIYA-SLADKIY-SILNOGAZIROVANNYY-NAP-500-PET,https://www.bavaria-group.ru/files/beer_items/25_1765459937.jpg,/workspace/artifacts/bavaria-import/2026-07-31T10-52-18-371Z/images/bavaria-bavariya-sladkiy-silnogazirov-0-45-l-steklo.jpg,39c203a89836298db7f97342b4010c6f240e060a92ad80e844d468ad68a0eb2d,377099,reused,Дубликат содержимого — переиспользован файл
BAVARIA-BAVARIYA-SVETLOE-450-GLASS,https://www.bavaria-group.ru/files/beer_items/52_1740991151.jpg,/workspace/artifacts/bavaria-import/2026-07-31T10-52-18-371Z/images/bavaria-bavariya-svetloe-0-45-l-steklo.jpg,298a71c4b91f8a8d3e468f6f71411fbd62fbf135b657649e30d2533a6aaba3b9,1514885,downloaded,
BAVARIA-BAVARIYA-SVETLOE-450-CAN,https://www.bavaria-group.ru/files/beer_items/52_1740991151.jpg,/workspace/artifacts/bavaria-import/2026-07-31T10-52-18-371Z/images/bavaria-bavariya-svetloe-0-45-l-steklo.jpg,298a71c4b91f8a8d3e468f6f71411fbd62fbf135b657649e30d2533a6aaba3b9,1514885,reused,Дубликат содержимого — переиспользован файл
BAVARIA-SWIPE-SILNOGAZIROVANNYY-NAPITOK-SW-1500-PET,https://www.bavaria-group.ru/files/beer_items/74_1718376186.jpg,/workspace/artifacts/bavaria-import/2026-07-31T10-52-18-371Z/images/bavaria-swipe-silnogazirovannyy-na-1-5-l-pet.jpg,555a07a58c2092eb92822896fea9e753eb37ee6ab444ef7341715930800a25dd,1256290,downloaded,
BAVARIA-SWIPE-SILNOGAZIROVANNYY-NAPITOK-SWI-500-PET,https://www.bavaria-group.ru/files/beer_items/74_1718376186.jpg,/workspace/artifacts/bavaria-import/2026-07-31T10-52-18-371Z/images/bavaria-swipe-silnogazirovannyy-na-1-5-l-pet.jpg,555a07a58c2092eb92822896fea9e753eb37ee6ab444ef7341715930800a25dd,1256290,reused,Дубликат содержимого — переиспользован файл
BAVARIA-SWIPE-SILNOGAZIROVANNYY-NAPITOK-33000-GLASS,https://www.bavaria-group.ru/files/beer_items/74_1718376186.jpg,/workspace/artifacts/bavaria-import/2026-07-31T10-52-18-371Z/images/bavaria-swipe-silnogazirovannyy-na-1-5-l-pet.jpg,555a07a58c2092eb92822896fea9e753eb37ee6ab444ef7341715930800a25dd,1256290,reused,Дубликат содержимого — переиспользован файл
BAVARIA-KAZBEK-AQUA-ZAGOLOVOK-PRODUKTA-1500-PET,https://www.bavaria-group.ru/files/beer_items/3_1718376836.jpg,/workspace/artifacts/bavaria-import/2026-07-31T10-52-18-371Z/images/bavaria-kazbek-aqua-mineralnaya-lechebno-1-5-l-pet.jpg,c6f405f00da6cb5c305f0318b594657359e4f829122942e8a8a642c96e06f74d,1378495,downloaded,
BAVARIA-KAZBEK-AQUA-ZAGOLOVOK-PRODUKTA-500-PET,https://www.bavaria-group.ru/files/beer_items/3_1718376836.jpg,/workspace/artifacts/bavaria-import/2026-07-31T10-52-18-371Z/images/bavaria-kazbek-aqua-mineralnaya-lechebno-1-5-l-pet.jpg,c6f405f00da6cb5c305f0318b594657359e4f829122942e8a8a642c96e06f74d,1378495,reused,Дубликат содержимого — переиспользован файл
BAVARIA-KAZBEK-AQUA-ZAGOLOVOK-PRODUKTA-330-GLASS,https://www.bavaria-group.ru/files/beer_items/3_1718376836.jpg,/workspace/artifacts/bavaria-import/2026-07-31T10-52-18-371Z/images/bavaria-kazbek-aqua-mineralnaya-lechebno-1-5-l-pet.jpg,c6f405f00da6cb5c305f0318b594657359e4f829122942e8a8a642c96e06f74d,1378495,reused,Дубликат содержимого — переиспользован файл
BAVARIA-TBAU-CLASSIC-GAZIROVANNAYA-500-PET,https://www.bavaria-group.ru/files/beer_items/4_1758714938.png,/workspace/artifacts/bavaria-import/2026-07-31T10-52-18-371Z/images/bavaria-tbau-gornaya-rodnikovaya-0-5-l-pet.png,51aa9ec1dbd437bbe3a97f2c0860b5d33697dee74c033050d8609173034aa1c2,3772957,downloaded,
BAVARIA-TBAU-CLASSIC-NEGAZIROVANNAYA-500-PET,https://www.bavaria-group.ru/files/beer_items/4_1758714938.png,/workspace/artifacts/bavaria-import/2026-07-31T10-52-18-371Z/images/bavaria-tbau-gornaya-rodnikovaya-0-5-l-pet.png,51aa9ec1dbd437bbe3a97f2c0860b5d33697dee74c033050d8609173034aa1c2,3772957,reused,Дубликат содержимого — переиспользован файл
BAVARIA-TBAU-CLASSIC-GAZIROVANNAYA-1000-PET,https://www.bavaria-group.ru/files/beer_items/4_1758714938.png,/workspace/artifacts/bavaria-import/2026-07-31T10-52-18-371Z/images/bavaria-tbau-gornaya-rodnikovaya-0-5-l-pet.png,51aa9ec1dbd437bbe3a97f2c0860b5d33697dee74c033050d8609173034aa1c2,3772957,reused,Дубликат содержимого — переиспользован файл
BAVARIA-TBAU-CLASSIC-NEGAZIROVANNAYA-1000-PET,https://www.bavaria-group.ru/files/beer_items/4_1758714938.png,/workspace/artifacts/bavaria-import/2026-07-31T10-52-18-371Z/images/bavaria-tbau-gornaya-rodnikovaya-0-5-l-pet.png,51aa9ec1dbd437bbe3a97f2c0860b5d33697dee74c033050d8609173034aa1c2,3772957,reused,Дубликат содержимого — переиспользован файл
BAVARIA-TBAU-CLASSIC-GAZIROVANNAYA-1500-PET,https://www.bavaria-group.ru/files/beer_items/4_1758714938.png,/workspace/artifacts/bavaria-import/2026-07-31T10-52-18-371Z/images/bavaria-tbau-gornaya-rodnikovaya-0-5-l-pet.png,51aa9ec1dbd437bbe3a97f2c0860b5d33697dee74c033050d8609173034aa1c2,3772957,reused,Дубликат содержимого — переиспользован файл
BAVARIA-TBAU-CLASSIC-NEGAZIROVANNAYA-1500-PET,https://www.bavaria-group.ru/files/beer_items/4_1758714938.png,/workspace/artifacts/bavaria-import/2026-07-31T10-52-18-371Z/images/bavaria-tbau-gornaya-rodnikovaya-0-5-l-pet.png,51aa9ec1dbd437bbe3a97f2c0860b5d33697dee74c033050d8609173034aa1c2,3772957,reused,Дубликат содержимого — переиспользован файл
BAVARIA-TBAU-CLASSIC-GAZIROVANNAYA-5000-PET,https://www.bavaria-group.ru/files/beer_items/4_1758714938.png,/workspace/artifacts/bavaria-import/2026-07-31T10-52-18-371Z/images/bavaria-tbau-gornaya-rodnikovaya-0-5-l-pet.png,51aa9ec1dbd437bbe3a97f2c0860b5d33697dee74c033050d8609173034aa1c2,3772957,reused,Дубликат содержимого — переиспользован файл
BAVARIA-TBAU-CLASSIC-NEGAZIROVANNAYA-5000-PET,https://www.bavaria-group.ru/files/beer_items/4_1758714938.png,/workspace/artifacts/bavaria-import/2026-07-31T10-52-18-371Z/images/bavaria-tbau-gornaya-rodnikovaya-0-5-l-pet.png,51aa9ec1dbd437bbe3a97f2c0860b5d33697dee74c033050d8609173034aa1c2,3772957,reused,Дубликат содержимого — переиспользован файл
BAVARIA-TBAU-CLASSIC-GAZIROVANNAYA-19000-PET,https://www.bavaria-group.ru/files/beer_items/4_1758714938.png,/workspace/artifacts/bavaria-import/2026-07-31T10-52-18-371Z/images/bavaria-tbau-gornaya-rodnikovaya-0-5-l-pet.png,51aa9ec1dbd437bbe3a97f2c0860b5d33697dee74c033050d8609173034aa1c2,3772957,reused,Дубликат содержимого — переиспользован файл
BAVARIA-TBAU-CLASSIC-NEGAZIROVANNAYA-19000-PET,https://www.bavaria-group.ru/files/beer_items/4_1758714938.png,/workspace/artifacts/bavaria-import/2026-07-31T10-52-18-371Z/images/bavaria-tbau-gornaya-rodnikovaya-0-5-l-pet.png,51aa9ec1dbd437bbe3a97f2c0860b5d33697dee74c033050d8609173034aa1c2,3772957,reused,Дубликат содержимого — переиспользован файл
BAVARIA-TBAU-PREMIUM-GAZIROVANNAYA-330-GLASS,https://www.bavaria-group.ru/files/beer_items/4_1758714938.png,/workspace/artifacts/bavaria-import/2026-07-31T10-52-18-371Z/images/bavaria-tbau-gornaya-rodnikovaya-0-5-l-pet.png,51aa9ec1dbd437bbe3a97f2c0860b5d33697dee74c033050d8609173034aa1c2,3772957,reused,Дубликат содержимого — переиспользован файл
BAVARIA-TBAU-PREMIUM-NEGAZIROVANNAYA-330-GLASS,https://www.bavaria-group.ru/files/beer_items/4_1758714938.png,/workspace/artifacts/bavaria-import/2026-07-31T10-52-18-371Z/images/bavaria-tbau-gornaya-rodnikovaya-0-5-l-pet.png,51aa9ec1dbd437bbe3a97f2c0860b5d33697dee74c033050d8609173034aa1c2,3772957,reused,Дубликат содержимого — переиспользован файл
BAVARIA-TBAU-PREMIUM-GAZIROVANNAYA-450-GLASS,https://www.bavaria-group.ru/files/beer_items/4_1758714938.png,/workspace/artifacts/bavaria-import/2026-07-31T10-52-18-371Z/images/bavaria-tbau-gornaya-rodnikovaya-0-5-l-pet.png,51aa9ec1dbd437bbe3a97f2c0860b5d33697dee74c033050d8609173034aa1c2,3772957,reused,Дубликат содержимого — переиспользован файл
BAVARIA-TBAU-PREMIUM-NEGAZIROVANNAYA-450-GLASS,https://www.bavaria-group.ru/files/beer_items/4_1758714938.png,/workspace/artifacts/bavaria-import/2026-07-31T10-52-18-371Z/images/bavaria-tbau-gornaya-rodnikovaya-0-5-l-pet.png,51aa9ec1dbd437bbe3a97f2c0860b5d33697dee74c033050d8609173034aa1c2,3772957,reused,Дубликат содержимого — переиспользован файл
BAVARIA-TBAU-PREMIUM-GAZIROVANNAYA-500-GLASS,https://www.bavaria-group.ru/files/beer_items/4_1758714938.png,/workspace/artifacts/bavaria-import/2026-07-31T10-52-18-371Z/images/bavaria-tbau-gornaya-rodnikovaya-0-5-l-pet.png,51aa9ec1dbd437bbe3a97f2c0860b5d33697dee74c033050d8609173034aa1c2,3772957,reused,Дубликат содержимого — переиспользован файл
BAVARIA-TBAU-PREMIUM-NEGAZIROVANNAYA-500-GLASS,https://www.bavaria-group.ru/files/beer_items/4_1758714938.png,/workspace/artifacts/bavaria-import/2026-07-31T10-52-18-371Z/images/bavaria-tbau-gornaya-rodnikovaya-0-5-l-pet.png,51aa9ec1dbd437bbe3a97f2c0860b5d33697dee74c033050d8609173034aa1c2,3772957,reused,Дубликат содержимого — переиспользован файл
