sku,status,source_url,image_source,note,source_width,source_height,source_mime,source_sha256,processed_path,processed_sha256
IRIB-BRO-LEMON-ANANAS-1250-PET,missing,,missing,no volume-matched official attachment/featured image,,,,,,
IRIB-BRO-LEMON-ANANAS-500-PET,missing,,missing,no volume-matched official attachment/featured image,,,,,,
IRIB-BRO-LEMON-APELSIN-1250-PET,missing,,missing,no volume-matched official attachment/featured image,,,,,,
IRIB-BRO-LEMON-APELSIN-500-PET,missing,,missing,no volume-matched official attachment/featured image,,,,,,
IRIB-BRO-LEMON-COLA-1250-PET,missing,,missing,no volume-matched official attachment/featured image,,,,,,
IRIB-BRO-LEMON-COLA-500-PET,missing,,missing,no volume-matched official attachment/featured image,,,,,,
IRIB-BRO-LEMON-GRUSHA-1250-PET,missing,,missing,no volume-matched official attachment/featured image,,,,,,
IRIB-BRO-LEMON-GRUSHA-500-PET,missing,,missing,no volume-matched official attachment/featured image,,,,,,
IRIB-BRO-LEMON-MOHITO-1250-PET,missing,,missing,no volume-matched official attachment/featured image,,,,,,
IRIB-BRO-LEMON-MOHITO-500-PET,missing,,missing,no volume-matched official attachment/featured image,,,,,,
IRIB-BRO-LEMON-MULTIFRUKT-1250-PET,missing,,missing,no volume-matched official attachment/featured image,,,,,,
IRIB-BRO-LEMON-MULTIFRUKT-500-PET,missing,,missing,no volume-matched official attachment/featured image,,,,,,
IRIB-BRO-LEMON-TARHUN-1250-PET,missing,,missing,no volume-matched official attachment/featured image,,,,,,
IRIB-BRO-LEMON-TARHUN-500-PET,missing,,missing,no volume-matched official attachment/featured image,,,,,,
IRIB-CHEGERI-NEGAZIROVANNAYA-500-PET,exact_low_res,https://irib.su/wp-content/uploads/2023/07/chegeri-bottle-1.webp,stage1_featured_or_assigned,no source upscale; catalog canvas only,117,380,image/webp,3f0095dde0a7df0d54b6ef76be5b23044ba4ccf91485209e7de4b7182b096647,artifacts/irib-import/2026-08-05T14-12-48-411Z-final/processed/IRIB-CHEGERI-NEGAZIROVANNAYA-500-PET.webp,f34b7964477fb951fb06ad303ec5f4528a807899ad87d93443290c9605330f81
IRIB-GOLD-GRAND-ANANAS-600-PET,exact_low_res,https://irib.su/wp-content/uploads/2021/04/ananas-366.png,stage1_featured_or_assigned,no source upscale; catalog canvas only,113,366,image/png,b2c7ee8cf6362a0ccc6e69ada432a6303a0f0b4ddf431a19ecbf445f5e9088fb,artifacts/irib-import/2026-08-05T14-12-48-411Z-final/processed/IRIB-GOLD-GRAND-ANANAS-600-PET.webp,825132bc635a4aba7c16191ffcc972dde9d26a6c347c06f9898855bcf5626b45
IRIB-GOLD-GRAND-GRUSHA-1500-PET,missing,,missing,no volume-matched official attachment/featured image,,,,,,
IRIB-GOLD-GRAND-GRUSHA-600-PET,missing,,missing,no volume-matched official attachment/featured image,,,,,,
IRIB-GOLD-GRAND-MOHITO-1500-PET,missing,,missing,no volume-matched official attachment/featured image,,,,,,
IRIB-GOLD-GRAND-MOHITO-600-PET,missing,,missing,no volume-matched official attachment/featured image,,,,,,
IRIB-GOLD-GRAND-MOHITO-NEGAZIROVANNYY-600-PET,exact_low_res,https://irib.su/wp-content/uploads/2021/04/mohito-bez-gaza-366.png,stage1_featured_or_assigned,no source upscale; catalog canvas only,113,366,image/png,0cb197190f851a280e3416c55452e77f6d9db2eefbef9fd44a54ceb586db8485,artifacts/irib-import/2026-08-05T14-12-48-411Z-final/processed/IRIB-GOLD-GRAND-MOHITO-NEGAZIROVANNYY-600-PET.webp,f76f13fa22243bdd9a87a48fda6f188587eaaf8684dd6539d994b479de647707
IRIB-GOLD-GRAND-MULTIFRUKT-600-PET,exact_low_res,https://irib.su/wp-content/uploads/2021/04/multi-366.png,stage1_featured_or_assigned,no source upscale; catalog canvas only,113,366,image/png,41367db4b63147975e447919e7b4053b4986af88dff6dbf00674d97fdeee632b,artifacts/irib-import/2026-08-05T14-12-48-411Z-final/processed/IRIB-GOLD-GRAND-MULTIFRUKT-600-PET.webp,2dfc258c883b631d324a24a2c34c7e9be573cc0416fb43ca81f3cdad25c9d1af
IRIB-GOLD-GRAND-TARHUN-600-PET,exact_low_res,https://irib.su/wp-content/uploads/2021/04/tarhun-366.png,stage1_featured_or_assigned,no source upscale; catalog canvas only,113,366,image/png,7c2b1b848c743120686afd26b03137064f5f9ba6893f36f8876f798853d065cb,artifacts/irib-import/2026-08-05T14-12-48-411Z-final/processed/IRIB-GOLD-GRAND-TARHUN-600-PET.webp,4d943a9c298de9acb6cfffbc8f9612e7ae5fd21ba19fa957d5f6bb485ca24de7
IRIB-ICE-BAR-MANGO-KLUBNIKA-1250-PET,missing,,missing,no volume-matched official attachment/featured image,,,,,,
IRIB-ICE-BAR-MANGO-KLUBNIKA-500-PET,exact,https://irib.su/wp-content/uploads/2022/08/holonyj-chaj-mango-klubnika-500-1-PhotoRoom-1080.png,wp_attachment_volume_filename,no source upscale; catalog canvas only,294,1080,image/png,0248d166997ced982d036895e55513fbf4283e326736be5a7c84dc9a7acd293d,artifacts/irib-import/2026-08-05T14-12-48-411Z-final/processed/IRIB-ICE-BAR-MANGO-KLUBNIKA-500-PET.webp,10bb28e97138b3ff18cbd008527b62c97f3dad33c5dd55a0e8b97cb860c8b3fb
IRIB-ICE-BAR-PERSIK-1250-PET,missing,,missing,no volume-matched official attachment/featured image,,,,,,
IRIB-ICE-BAR-PERSIK-500-PET,exact,https://irib.su/wp-content/uploads/2020/07/holodny-chai-persik-500-PhotoRoom-1.png,wp_attachment_volume_filename,no source upscale; catalog canvas only,291,1080,image/png,6913feb7304a890c71f6e13d89f911c9e914e076bda6634e8da7ee4a57d21845,artifacts/irib-import/2026-08-05T14-12-48-411Z-final/processed/IRIB-ICE-BAR-PERSIK-500-PET.webp,821ed5b66cb04d5bd1eba244907869f56931a5afcec310f80e319f725cb0c1ee
IRIB-ICE-BAR-YAGODNYY-1250-PET,missing,,missing,no volume-matched official attachment/featured image,,,,,,
IRIB-ICE-BAR-YAGODNYY-500-PET,exact,https://irib.su/wp-content/uploads/2020/04/holodnyi-chai-lesnye-yagody-500-PhotoRoom-1.png,wp_attachment_volume_filename,no source upscale; catalog canvas only,294,1080,image/png,6bc265984c1b83524f82b991302a370d59ead1b409594989e038622a103cfe84,artifacts/irib-import/2026-08-05T14-12-48-411Z-final/processed/IRIB-ICE-BAR-YAGODNYY-500-PET.webp,0134efd48cabf9a25fce987ebdc671b4a7241f9cb367ef88ed2a6b6a3cf54e55
IRIB-KVAS-YANTARNYY-1250-PET,exact_low_res,https://irib.su/wp-content/uploads/2020/04/kvas-yantarnyi-125-PhotoRoom-2.png,stage1_featured_or_assigned,no source upscale; catalog canvas only,105,366,image/png,6d56be88321fd66f0505d72fc459a721f85b8f369d07ae09f04f73374155aa1f,artifacts/irib-import/2026-08-05T14-12-48-411Z-final/processed/IRIB-KVAS-YANTARNYY-1250-PET.webp,0d7c1ea63ff102e6b211266d2cfccf182177e93f520d012a3fa98639f3a59068
IRIB-KVAS-YANTARNYY-1500-PET,missing,,missing,no volume-matched official attachment/featured image,,,,,,
IRIB-KVAS-YANTARNYY-500-PET,missing,,missing,no volume-matched official attachment/featured image,,,,,,
IRIB-LIMONAD-PET-APELSIN-UNKNOWN-PET,exact_low_res,https://irib.su/wp-content/uploads/2023/09/orange-limonad-prev-1.png,stage1_featured_or_assigned,no source upscale; catalog canvas only,106,380,image/png,cbc275e1fee1bd1425a9aaec8397669d0ab59fd9c9ed2d697df2a9d94fb696d6,artifacts/irib-import/2026-08-05T14-12-48-411Z-final/processed/IRIB-LIMONAD-PET-APELSIN-UNKNOWN-PET.webp,2d408a4d434c5508629c90aa62a087d977c845af41ef47165585995be63dc690
IRIB-LIMONAD-PET-COLA-UNKNOWN-PET,exact_low_res,https://irib.su/wp-content/uploads/2023/09/cola-limonad-prev-1.png,stage1_featured_or_assigned,no source upscale; catalog canvas only,108,380,image/png,0b654f715638c92b1d09dd47b91d6ab4d2d20d4840ffc5e2af6e739f34e00f10,artifacts/irib-import/2026-08-05T14-12-48-411Z-final/processed/IRIB-LIMONAD-PET-COLA-UNKNOWN-PET.webp,15e1cafe2d3d7ef1ed78b0b82da13ee3fef463e211a27ec1ec1efb8bfbffa016
IRIB-LIMONAD-PET-GRUSHA-UNKNOWN-PET,exact_low_res,https://irib.su/wp-content/uploads/2023/09/grusha-limonad-prev-1.png,stage1_featured_or_assigned,no source upscale; catalog canvas only,104,380,image/png,97aa74e453dc407dc08dd8d29660160f982445792cdeca5df051e48a90ed3c2e,artifacts/irib-import/2026-08-05T14-12-48-411Z-final/processed/IRIB-LIMONAD-PET-GRUSHA-UNKNOWN-PET.webp,b95edaccca9b4c24e6a4d6a8ab556449af76eaa035b8d369e655b4485ccfab4d
IRIB-LIMONAD-PET-MANGO-UNKNOWN-PET,exact_low_res,https://irib.su/wp-content/uploads/2023/09/mango-limonad-prev-1-1.png,stage1_featured_or_assigned,no source upscale; catalog canvas only,108,380,image/png,4b6fc867f97d85506d9d0ac0c54e9bfa774b5dd4802e728b996f12ad61503ab8,artifacts/irib-import/2026-08-05T14-12-48-411Z-final/processed/IRIB-LIMONAD-PET-MANGO-UNKNOWN-PET.webp,7b3858d0ceb66f7c18825bece17df6f96851e212a817e622a54e4ff3c677953f
IRIB-LIMONAD-PET-MOHITO-UNKNOWN-PET,exact_low_res,https://irib.su/wp-content/uploads/2023/09/mohto-limonad-prev-1.png,stage1_featured_or_assigned,no source upscale; catalog canvas only,108,380,image/png,9482444187ee745d5281c3823bc044c1b330e0136f278ab8f5de51f9f83a92aa,artifacts/irib-import/2026-08-05T14-12-48-411Z-final/processed/IRIB-LIMONAD-PET-MOHITO-UNKNOWN-PET.webp,ed9ab1d663f66144313dab6ea8bbcdca573c33b89201d4922ed2fa27c64c25be
IRIB-MINDARI-ANANASOM-UNKNOWN-GLASS,exact_low_res,https://irib.su/wp-content/uploads/2023/09/ananas-limonad.webp,stage1_featured_or_assigned,no source upscale; catalog canvas only,123,380,image/webp,2f66737dddc58a14f94f57c217672cc5e1df5412307c3498215f1e7ae419873e,artifacts/irib-import/2026-08-05T14-12-48-411Z-final/processed/IRIB-MINDARI-ANANASOM-UNKNOWN-GLASS.webp,3ef8d97d866facda96aabad4ea458961c96688854f76f333885565b5c6cd03ed
IRIB-MINDARI-GRUSHEY-UNKNOWN-GLASS,exact_low_res,https://irib.su/wp-content/uploads/2023/09/grusha-limonad.webp,stage1_featured_or_assigned,no source upscale; catalog canvas only,125,380,image/webp,84de07405d71f0a976376a8ca9f35cb8327b91a9bb8bb0f4423942482a3dbc0d,artifacts/irib-import/2026-08-05T14-12-48-411Z-final/processed/IRIB-MINDARI-GRUSHEY-UNKNOWN-GLASS.webp,97f0896f54bad2a380707b7aeb01bb0139707c26c73a88f7a8150ece0599813b
IRIB-MINDARI-MANGO-UNKNOWN-GLASS,exact_low_res,https://irib.su/wp-content/uploads/2023/09/mango-limonad.png,stage1_featured_or_assigned,no source upscale; catalog canvas only,130,380,image/png,b808f7f43e10afbc2951c30042340617d3a2b90d5b50b06e22d7cf32eb53d810,artifacts/irib-import/2026-08-05T14-12-48-411Z-final/processed/IRIB-MINDARI-MANGO-UNKNOWN-GLASS.webp,64e6f49c0ccfd37ad11ca0319b774a12841fd1533d92a5caedaf600afc0b6ecb
IRIB-MINDARI-MOHITO-UNKNOWN-GLASS,exact_low_res,https://irib.su/wp-content/uploads/2023/09/lime-limonad-2.png,stage1_featured_or_assigned,no source upscale; catalog canvas only,125,380,image/png,377c86daa6c096ba7ebe2a81e367f43f97f1aa9cd9301a4e35fe7ea4a8c38314,artifacts/irib-import/2026-08-05T14-12-48-411Z-final/processed/IRIB-MINDARI-MOHITO-UNKNOWN-GLASS.webp,e6fdb3d9c771adb8f640e3b1be7da5dfedc4441411d4d09d8ffaec1a99532f48
IRIB-MINDARI-SHIPOVNIKOM-UNKNOWN-GLASS,exact_low_res,https://irib.su/wp-content/uploads/2023/09/shipovnik-limonad.png,stage1_featured_or_assigned,no source upscale; catalog canvas only,125,380,image/png,05b6a6ee92669b2410f6d944773b68cfb664f5c86f4781ba910703a6c27c8eb6,artifacts/irib-import/2026-08-05T14-12-48-411Z-final/processed/IRIB-MINDARI-SHIPOVNIKOM-UNKNOWN-GLASS.webp,558fc4a177004c059bad1312f5ff169e63265484113734e15d5518ee14066a9c
IRIB-NEKTAR-ABRIKOSOVYY-3000-PET,exact,https://irib.su/wp-content/uploads/2021/04/abrik-nektar3l-1080.png,wp_attachment_volume_filename,no source upscale; catalog canvas only,654,1080,image/png,8ccf690b517d229d12384019be4b72e8afb27e20ca9df44b8edbe238027084a9,artifacts/irib-import/2026-08-05T14-12-48-411Z-final/processed/IRIB-NEKTAR-ABRIKOSOVYY-3000-PET.webp,fa193404fc4dca059da23c750b967cc6d90f62eff45b08952927316dfc70e25f
IRIB-NEKTAR-ABRIKOSOVYY-330-GLASS,missing,,missing,no volume-matched official attachment/featured image,,,,,,
IRIB-NEKTAR-ABRIKOSOVYY-500-GLASS,exact,https://irib.su/wp-content/uploads/2020/03/abriosovyj-05-PhotoRoom-1-3.png,wp_attachment_volume_filename,no source upscale; catalog canvas only,376,1080,image/png,902ef1902564fdf3d3d7f80170bed0b45a4c6670fd0e2563c0e7820840e11c77,artifacts/irib-import/2026-08-05T14-12-48-411Z-final/processed/IRIB-NEKTAR-ABRIKOSOVYY-500-GLASS.webp,28f9f01f867a9d6c8d5a8baa4aa1bc9a7ffa6430d7d342c359cd0c52bfc6e937
IRIB-NEKTAR-ABRIKOSOVYY-750-GLASS,exact_low_res,https://irib.su/wp-content/uploads/2020/03/abriosovyi-075-PhotoRoom-1.png,wp_attachment_volume_filename,no source upscale; catalog canvas only,128,366,image/png,0f11bd77a32175a435c0e989aec132ce15ea2db8127428880d5f0b21374b8cdb,artifacts/irib-import/2026-08-05T14-12-48-411Z-final/processed/IRIB-NEKTAR-ABRIKOSOVYY-750-GLASS.webp,118bb22e9f667994cfdcc43a03c0c8ea44156d130399e8bbdb847e55984aa98c
IRIB-NEKTAR-MANGOVYY-330-GLASS,missing,,missing,no volume-matched official attachment/featured image,,,,,,
IRIB-NEKTAR-MANGOVYY-500-GLASS,exact,https://irib.su/wp-content/uploads/2022/08/mango-nektar-05-PhotoRoom-1-2.png,wp_attachment_volume_filename,no source upscale; catalog canvas only,382,1080,image/png,5ca8a75f5892a27ab25ddc318c59d30d107990f72f27d30987bb439267058465,artifacts/irib-import/2026-08-05T14-12-48-411Z-final/processed/IRIB-NEKTAR-MANGOVYY-500-GLASS.webp,b84f520dab436c66776c4229b4bca36b59ff641ca9cbb099bb8075f9d75885f8
IRIB-NEKTAR-PERSIKOVYY-500-GLASS,exact,https://irib.su/wp-content/uploads/2020/04/persikovyj-05-PhotoRoom-1.png,wp_attachment_volume_filename,no source upscale; catalog canvas only,381,1080,image/png,0f99922b819ce6c15a5685d07441b4845cce948fbef9433861f81474609d5b84,artifacts/irib-import/2026-08-05T14-12-48-411Z-final/processed/IRIB-NEKTAR-PERSIKOVYY-500-GLASS.webp,df885bc111342f284aa15a1285d1db681638b29de87ce3959b4afe6aef9fbac4
IRIB-NEKTAR-PERSIKOVYY-750-GLASS,exact_low_res,https://irib.su/wp-content/uploads/2020/04/persikovyi-075-PhotoRoom-1.png,wp_attachment_volume_filename,no source upscale; catalog canvas only,127,366,image/png,ec7f0a042a85d82f5c22c427f1d5e2d2a8d0785518f238c74dece66b3ffa126f,artifacts/irib-import/2026-08-05T14-12-48-411Z-final/processed/IRIB-NEKTAR-PERSIKOVYY-750-GLASS.webp,ec45526e99fe4ea92e4396f84dac10dfe47ec01635721a0b2b08e5674faca284
IRIB-NEKTAR-VISHNEVYY-330-GLASS,missing,,missing,no volume-matched official attachment/featured image,,,,,,
IRIB-NEKTAR-VISHNEVYY-500-GLASS,exact,https://irib.su/wp-content/uploads/2020/04/vishnevyj-05-PhotoRoom-1.png,wp_attachment_volume_filename,no source upscale; catalog canvas only,383,1080,image/png,b5fe33e8fc62dd5d3e04f375eea7e56cf7b36e5d592a1508b0de93347fb1878a,artifacts/irib-import/2026-08-05T14-12-48-411Z-final/processed/IRIB-NEKTAR-VISHNEVYY-500-GLASS.webp,d44df54742b3cfe1490a7f4beca4c251ef55918eca201a20e0b70f41c5344abb
IRIB-NEKTAR-VISHNEVYY-750-GLASS,exact_low_res,https://irib.su/wp-content/uploads/2020/04/vishnevyi-075-PhotoRoom-1.png,wp_attachment_volume_filename,no source upscale; catalog canvas only,127,366,image/png,2b649b1e097f0485fc4d9dfe117b383ec0aef63aaff4b3b97dc1736dd7fe2fe3,artifacts/irib-import/2026-08-05T14-12-48-411Z-final/processed/IRIB-NEKTAR-VISHNEVYY-750-GLASS.webp,0f1ac325cc6d53069625400aaa8e8255fde156d07f0749f42c389082aaed5d0e
IRIB-NEKTAR-YABLOCHNO-ABRIKOSOVYY-3000-PET,exact,https://irib.su/wp-content/uploads/2021/04/yabl-abrik-nektar3l-1080.png,wp_attachment_volume_filename,no source upscale; catalog canvas only,654,1080,image/png,2fecc4f61ea30a4edf3c20265687158623c66d994b13bacd416ceb72fc60f0d3,artifacts/irib-import/2026-08-05T14-12-48-411Z-final/processed/IRIB-NEKTAR-YABLOCHNO-ABRIKOSOVYY-3000-PET.webp,c15d48ca3484da97d9a66a9dcd5e5b78476a0ab07cf94cf29bf8c7abacf23d34
IRIB-NEKTAR-YABLOCHNO-ABRIKOSOVYY-500-GLASS,exact,https://irib.su/wp-content/uploads/2020/04/yablochnyj-abrikosovyj-05-PhotoRoom-1-b.png,wp_attachment_volume_filename,no source upscale; catalog canvas only,400,1141,image/png,da04fd99d80ad332104981bd62c586db02f38e8c7c6520d2e8f21485cc2fee61,artifacts/irib-import/2026-08-05T14-12-48-411Z-final/processed/IRIB-NEKTAR-YABLOCHNO-ABRIKOSOVYY-500-GLASS.webp,edc2663bf37ca0a289c5ab01a542b65e28c55d7b40edbb40da0cf1e164294ab4
IRIB-NEKTAR-YABLOCHNO-ABRIKOSOVYY-750-GLASS,exact_low_res,https://irib.su/wp-content/uploads/2020/04/yablochno-abrikosovyi-075-PhotoRoom-1.png,wp_attachment_volume_filename,no source upscale; catalog canvas only,126,366,image/png,5bd889a3afe2891346bc4c68c01af34e869429c24bd1717f5a7649a3090dc179,artifacts/irib-import/2026-08-05T14-12-48-411Z-final/processed/IRIB-NEKTAR-YABLOCHNO-ABRIKOSOVYY-750-GLASS.webp,6808495078ebe2c2c7059381f6bb0c741160eba9c349666482cea2891da5d28d
IRIB-NEKTAR-YABLOCHNYY-3000-PET,exact,https://irib.su/wp-content/uploads/2021/04/yabl-nektar3l-1080.png,wp_attachment_volume_filename,no source upscale; catalog canvas only,654,1080,image/png,6cc50ced84fb9893d73a1df554fd5a1aa28e081c402a3cc2a0ab118eccf344be,artifacts/irib-import/2026-08-05T14-12-48-411Z-final/processed/IRIB-NEKTAR-YABLOCHNYY-3000-PET.webp,fabffda5d627516b3547fa42a5b7ab336f16db452815d3c243bac43dd61c1925
IRIB-NEKTAR-YABLOCHNYY-500-GLASS,exact,https://irib.su/wp-content/uploads/2021/04/yablochnyj-nektar-05-PhotoRoom-1.png,wp_attachment_volume_filename,no source upscale; catalog canvas only,382,1080,image/png,b513cc4fc7c8c4c810f800d8d76693cb947c3ffc3dd04ddb29b98c06bbc7192a,artifacts/irib-import/2026-08-05T14-12-48-411Z-final/processed/IRIB-NEKTAR-YABLOCHNYY-500-GLASS.webp,47828dc48df94349a1900af03e01060630b72ff0433442680e90c76acb7f9bd9
IRIB-NEKTAR-YABLOCHNYY-750-GLASS,exact_low_res,https://irib.su/wp-content/uploads/2021/04/yablochnyi-nektar-075-PhotoRoom-1.png,wp_attachment_volume_filename,no source upscale; catalog canvas only,127,366,image/png,2389346f50c52f11ddd4b6b2840e2cb35705eb2c44e32d8eb70cf98dc8607157,artifacts/irib-import/2026-08-05T14-12-48-411Z-final/processed/IRIB-NEKTAR-YABLOCHNYY-750-GLASS.webp,0ac7e4e11949411499d81519bc3831745943cdc9aa45f0de282f9f83bff883ed
IRIB-PROFI-SPORT-BCAA-APELSIN-500-PET,exact_low_res,https://irib.su/wp-content/uploads/2021/01/profi-zheltyi-PhotoRoom-2.png,stage1_featured_or_assigned,no source upscale; catalog canvas only,95,366,image/png,f9b9fdd4fb6e0a0ff43ed096769f3bf34f065c667f76e13cb1be5b959163bf8c,artifacts/irib-import/2026-08-05T14-12-48-411Z-final/processed/IRIB-PROFI-SPORT-BCAA-APELSIN-500-PET.webp,8bac6514a16bbad175be64581a1fc284b699199d7ac719d5b7b40502b1e91a54
IRIB-PROFI-SPORT-BCAA-CHERNIKA-UNKNOWN-PET,exact_low_res,https://irib.su/wp-content/uploads/2024/02/chernika-bcaa-min.webp,stage1_featured_or_assigned,no source upscale; catalog canvas only,92,360,image/webp,f440377e2ae5bfba3733207738b6ac804860f4e9485574027e14b5971d47a306,artifacts/irib-import/2026-08-05T14-12-48-411Z-final/processed/IRIB-PROFI-SPORT-BCAA-CHERNIKA-UNKNOWN-PET.webp,c4bf6da1528f27de6bf8514008e4dd3638ce32e887d29d956b0e42d42f9d0eae
IRIB-PROFI-SPORT-ENERGY-GUARANA-500-PET,exact_low_res,https://irib.su/wp-content/uploads/2021/01/profi-enerdzhi-PhotoRoom-2.png,stage1_featured_or_assigned,no source upscale; catalog canvas only,94,366,image/png,f9e13c414b1c8610a514c98144927ac9ce11851e83389a5eda5ee528b4a00884,artifacts/irib-import/2026-08-05T14-12-48-411Z-final/processed/IRIB-PROFI-SPORT-ENERGY-GUARANA-500-PET.webp,cabf6518b14cd497029ccaabaa30cafcf8f9455b1a1cfbafdb2dd4ffd7fc02c7
IRIB-PROFI-SPORT-ENERGY-GUARANA-UNKNOWN-PET,exact_low_res,https://irib.su/wp-content/uploads/2025/02/guarana-kon-1.png,stage1_featured_or_assigned,no source upscale; catalog canvas only,92,360,image/png,fb96247f9f3ce45fd3deacb5bc83539e538e8c707bd6bd9b7f800a2ced4fdd6b,artifacts/irib-import/2026-08-05T14-12-48-411Z-final/processed/IRIB-PROFI-SPORT-ENERGY-GUARANA-UNKNOWN-PET.webp,0edc69b671b16ec94ea19136508457833f6356ee81062b0d79438c58189d7d16
IRIB-PROFI-SPORT-ISOTONIC-GUAVA-500-PET,exact_low_res,https://irib.su/wp-content/uploads/2021/01/profi-goluboi-PhotoRoom-2.png,stage1_featured_or_assigned,no source upscale; catalog canvas only,96,366,image/png,f22d1bb05cc8589584a4d486c256497c61d66d7cd72bc955c2be87b433225688,artifacts/irib-import/2026-08-05T14-12-48-411Z-final/processed/IRIB-PROFI-SPORT-ISOTONIC-GUAVA-500-PET.webp,f4fdf207c4f28ca888db5609ca079f5d3cd0d92f900dd586a5cd70c94170f8e4
IRIB-PROFI-SPORT-L-CARNITINE-UNKNOWN-PET,exact_low_res,https://irib.su/wp-content/uploads/2021/01/profi-krasnaya-PhotoRoom-2.png,stage1_featured_or_assigned,no source upscale; catalog canvas only,96,366,image/png,1a1392d09d3e2853d4469fdd23b794955fa6e472e024ca069d1f84a0ce732fee,artifacts/irib-import/2026-08-05T14-12-48-411Z-final/processed/IRIB-PROFI-SPORT-L-CARNITINE-UNKNOWN-PET.webp,0dcd9b4c94223934607fe760b65a6d8a69a0b21e7ba6d6476071a39320db125e
IRIB-RODNICHOK-NEGAZIROVANNAYA-330-PET,exact_low_res,https://irib.su/wp-content/uploads/2020/04/image-31.png,stage1_featured_or_assigned,no source upscale; catalog canvas only,94,311,image/png,6d3de1750b21588f029743b4ec18528083421875b052585f81258a64679405ae,artifacts/irib-import/2026-08-05T14-12-48-411Z-final/processed/IRIB-RODNICHOK-NEGAZIROVANNAYA-330-PET.webp,ec40a924ba8e87076bac0c2d48338766b947a848198bece3c70d35351d73dbbb
IRIB-RODNIKOVAYA-SVEZHEST-NEGAZIROVANNAYA-19000-PET,exact_low_res,https://irib.su/wp-content/uploads/2021/05/19l-366.png,stage1_featured_or_assigned,no source upscale; catalog canvas only,206,366,image/png,60e3ddcc2160109f6e76fbee586b92a21ea6cc76231c7326b7e45099701dd1b0,artifacts/irib-import/2026-08-05T14-12-48-411Z-final/processed/IRIB-RODNIKOVAYA-SVEZHEST-NEGAZIROVANNAYA-19000-PET.webp,f6418342308b0811b43ac742a2a2c6679500ce11bd74e58b9ed47c3723699802
IRIB-SELESTA-ANANAS-500-GLASS,exact_low_res,https://irib.su/wp-content/uploads/2020/04/selesta-ananas366.png,stage1_featured_or_assigned,no source upscale; catalog canvas only,111,366,image/png,0ace0a745c151ebf7913321a49b9936fc019cf7072a84bda7a911304f674f55f,artifacts/irib-import/2026-08-05T14-12-48-411Z-final/processed/IRIB-SELESTA-ANANAS-500-GLASS.webp,422024502f4039d7806f4a7287cdb1eddcea39b65e763a93427905a6b5aed2bb
IRIB-SELESTA-GRANAT-500-GLASS,exact_low_res,https://irib.su/wp-content/uploads/2020/04/selesta-granat366.png,stage1_featured_or_assigned,no source upscale; catalog canvas only,111,366,image/png,a60edf6d3e2054c115ecae394a559bc99c3389799ca816928b43fad2ff3ddce0,artifacts/irib-import/2026-08-05T14-12-48-411Z-final/processed/IRIB-SELESTA-GRANAT-500-GLASS.webp,666d47ed89c2605cca81f420139c6b52cb6c8dcd3e7d06ccc1ff3fab8f9a3b63
IRIB-SELESTA-GRUSHA-500-GLASS,exact_low_res,https://irib.su/wp-content/uploads/2020/04/selesta-grusha366.png,stage1_featured_or_assigned,no source upscale; catalog canvas only,111,366,image/png,2949bce6566021f2b1e327b0cc68572d1117eb0bbb5142f136eecd1471b52759,artifacts/irib-import/2026-08-05T14-12-48-411Z-final/processed/IRIB-SELESTA-GRUSHA-500-GLASS.webp,55b73ab9b45a2bfd73e9831424115aa940a43595465f43e7130602d833987a11
IRIB-SELESTA-MOHITO-500-GLASS,exact_low_res,https://irib.su/wp-content/uploads/2020/04/selesta-mohito366.png,stage1_featured_or_assigned,no source upscale; catalog canvas only,111,366,image/png,d66f3b14b7fd35d26021d91629fe1a455561621be8ee188f871d4da1fc5146ba,artifacts/irib-import/2026-08-05T14-12-48-411Z-final/processed/IRIB-SELESTA-MOHITO-500-GLASS.webp,11ce895fad4d0324d7f5ad5908e13f7dcd53622ea3c4d78313d9c5bb918ee35f
IRIB-SELESTA-MULTIFRUKT-750-GLASS,exact_low_res,https://irib.su/wp-content/uploads/2020/04/selesta-multi366.png,stage1_featured_or_assigned,no source upscale; catalog canvas only,111,366,image/png,bb048bfe3535349fa1b62f652a4d1cd6ac9ef6f9aa2eb902e6a3fae35de32083,artifacts/irib-import/2026-08-05T14-12-48-411Z-final/processed/IRIB-SELESTA-MULTIFRUKT-750-GLASS.webp,574926528d335dfadace1b2369e2425055362113376da027773d04a029b57c21
IRIB-SELESTA-SHIPOVNIK-500-GLASS,exact_low_res,https://irib.su/wp-content/uploads/2020/04/selesta-ship366.png,stage1_featured_or_assigned,no source upscale; catalog canvas only,111,366,image/png,a710cf604c6b17304dd0a6e77780c39b0726c7d2355b859ce41ddb2fc1515070,artifacts/irib-import/2026-08-05T14-12-48-411Z-final/processed/IRIB-SELESTA-SHIPOVNIK-500-GLASS.webp,afe3a6ebe176108d8afc80052e60ed884550affe751d6a5155d1bfa9fdf567c5
IRIB-SELESTA-TARHUN-UNKNOWN-GLASS,exact_low_res,https://irib.su/wp-content/uploads/2020/04/selesta-tarhun366.png,stage1_featured_or_assigned,no source upscale; catalog canvas only,111,366,image/png,8b1b0e92506bd2839659733619bbdf4ead9c4d7af5bbce5213e38e8147beec90,artifacts/irib-import/2026-08-05T14-12-48-411Z-final/processed/IRIB-SELESTA-TARHUN-UNKNOWN-GLASS.webp,b25b26eb6b64195ce2e1a697c848fa278d4e8fe01efcc84fad0c0c9cbced4cd1
IRIB-SOK-ANANASOVYY-500-GLASS,exact,https://irib.su/wp-content/uploads/2020/04/ananasovyj-05-PhotoRoom-1.png,wp_attachment_volume_filename,no source upscale; catalog canvas only,385,1080,image/png,c75fded86c063e3049a6015454cb7c23b9b4c696ab1a37422489941ab924e987,artifacts/irib-import/2026-08-05T14-12-48-411Z-final/processed/IRIB-SOK-ANANASOVYY-500-GLASS.webp,512aed08400d7775e32d038feeda5a21219c9a462528aad36a3bcd33d84e45e7
IRIB-SOK-ANANASOVYY-750-GLASS,missing,,missing,no volume-matched official attachment/featured image,,,,,,
IRIB-SOK-APELSINOVYY-330-GLASS,missing,,missing,no volume-matched official attachment/featured image,,,,,,
IRIB-SOK-APELSINOVYY-500-GLASS,missing,,missing,no volume-matched official attachment/featured image,,,,,,
IRIB-SOK-APELSINOVYY-750-GLASS,exact,https://irib.su/wp-content/uploads/2021/04/apelsinovyj-075-PhotoRoom-1.png,wp_attachment_volume_filename,no source upscale; catalog canvas only,372,1080,image/png,6661ab9ebfe344ec13c6e70fecf0e7a90f1e297ad5104e0c6134dba5d5308a43,artifacts/irib-import/2026-08-05T14-12-48-411Z-final/processed/IRIB-SOK-APELSINOVYY-750-GLASS.webp,4b305fc76a0318ab88bafb53505bf4d62c27aa6a1ca96315bad916d09ff35206
IRIB-SOK-GRANATOVYY-500-GLASS,missing,,missing,no volume-matched official attachment/featured image,,,,,,
IRIB-SOK-GRANATOVYY-750-GLASS,exact,https://irib.su/wp-content/uploads/2020/04/granat-075-PhotoRoom-11.png,wp_attachment_volume_filename,no source upscale; catalog canvas only,373,1080,image/png,78e7c6a705375a9404e4ff9dbc9365e7c4407d37182cb68293f9b11f417bfd64,artifacts/irib-import/2026-08-05T14-12-48-411Z-final/processed/IRIB-SOK-GRANATOVYY-750-GLASS.webp,f839fa11f02a4165a8bb888f2378255fd4ff57bbbe8765ce4112d7858be85b00
IRIB-SOK-MULTIFRUKTOVYY-330-GLASS,missing,,missing,no volume-matched official attachment/featured image,,,,,,
IRIB-SOK-MULTIFRUKTOVYY-500-GLASS,missing,,missing,no volume-matched official attachment/featured image,,,,,,
IRIB-SOK-MULTIFRUKTOVYY-750-GLASS,exact,https://irib.su/wp-content/uploads/2022/08/multifrukt-075-PhotoRoom-1-1.png,wp_attachment_volume_filename,no source upscale; catalog canvas only,386,1139,image/png,e4774f56d3607d4c1872b21edd8560bd0c56a68890bcbb6b9ba5829bb6ff3e6b,artifacts/irib-import/2026-08-05T14-12-48-411Z-final/processed/IRIB-SOK-MULTIFRUKTOVYY-750-GLASS.webp,e9615cceb2ffdac9feb2952e789d922b0cbd0ac0cf0349d7ff9c0c9986b5d2c4
IRIB-SOK-TOMATNYY-750-GLASS,exact,https://irib.su/wp-content/uploads/2020/04/tomatnyj-075-PhotoRoom-1.png,wp_attachment_volume_filename,no source upscale; catalog canvas only,377,1080,image/png,dab0729013db22fb0e77a5769e43509fcf80d83056098656a174f1b92d8c8023,artifacts/irib-import/2026-08-05T14-12-48-411Z-final/processed/IRIB-SOK-TOMATNYY-750-GLASS.webp,ae99b0602aed3adc21dc1658d7f9478dc064d49236266b7594efab55dbcec78a
IRIB-SOK-VINOGRADNYY-330-GLASS,missing,,missing,no volume-matched official attachment/featured image,,,,,,
IRIB-SOK-VINOGRADNYY-500-GLASS,missing,,missing,no volume-matched official attachment/featured image,,,,,,
IRIB-SOK-VINOGRADNYY-750-GLASS,exact_low_res,https://irib.su/wp-content/uploads/2020/04/vinogradnyi-075-PhotoRoom-1.png,wp_attachment_volume_filename,no source upscale; catalog canvas only,126,366,image/png,b32dbedcff390e017fcd8950a9bf32fe913fc353f69096ac41af2f6b1255e813,artifacts/irib-import/2026-08-05T14-12-48-411Z-final/processed/IRIB-SOK-VINOGRADNYY-750-GLASS.webp,f46dc71e003369dd0642e9e453922a7ab716a38fd286dd884acad2d4495ea2a3
IRIB-SOK-YABLOCHNYY-3000-PET,exact,https://irib.su/wp-content/uploads/2021/04/yabl-sok3l-1080.png,wp_attachment_volume_filename,no source upscale; catalog canvas only,643,1080,image/png,27ed18a04511ade13893742fd9c724db0bd0985b98b34bd47b27549d86f35bd7,artifacts/irib-import/2026-08-05T14-12-48-411Z-final/processed/IRIB-SOK-YABLOCHNYY-3000-PET.webp,b8e120ed3f3a37d7a005694b6117b6fbcda382cd1f19e31d805e41062f6b5a96
IRIB-SOK-YABLOCHNYY-330-GLASS,missing,,missing,no volume-matched official attachment/featured image,,,,,,
IRIB-SOK-YABLOCHNYY-500-GLASS,exact,https://irib.su/wp-content/uploads/2020/04/yablochnyj-sok-05-PhotoRoom-1-11.png,wp_attachment_volume_filename,no source upscale; catalog canvas only,351,1080,image/png,f0d268e6e1ee29a5c7997b9be182460526b4d36c2addd37ff6feb9620ed2f80a,artifacts/irib-import/2026-08-05T14-12-48-411Z-final/processed/IRIB-SOK-YABLOCHNYY-500-GLASS.webp,f4b89824e63797e2d9fdebcd16777f5b4d05335967218b9dec86e97deec77099
IRIB-SOK-YABLOCHNYY-750-GLASS,exact_low_res,https://irib.su/wp-content/uploads/2020/04/yablochnyi-075-PhotoRoom-2.png,wp_attachment_volume_filename,no source upscale; catalog canvas only,125,366,image/png,74a07ef25dcc245ba8caa5e0726e7f541f26603116d6466a64ab784ae79b7824,artifacts/irib-import/2026-08-05T14-12-48-411Z-final/processed/IRIB-SOK-YABLOCHNYY-750-GLASS.webp,dcf254ff1f60be2780f346d24cff3472c45687aa9dc3d9bc032f504d01806561
IRIB-TALIH-NEGAZIROVANNAYA-1500-PET,exact_low_res,https://irib.su/wp-content/uploads/2020/04/2-Talih-15-l.png,stage1_featured_or_assigned,no source upscale; catalog canvas only,116,367,image/png,b81a5a9d74e8e39c3f8684c3161457dd5523b092cfe9549c548510302b3f09c2,artifacts/irib-import/2026-08-05T14-12-48-411Z-final/processed/IRIB-TALIH-NEGAZIROVANNAYA-1500-PET.webp,fee49786e05d72ab619fcc438fe8d7769e5fca5bb518f42bf8cef7958695a85f
IRIB-TALIH-NEGAZIROVANNAYA-5000-PET,exact_low_res,https://irib.su/wp-content/uploads/2020/04/2-Talih-5-l.png,stage1_featured_or_assigned,no source upscale; catalog canvas only,185,388,image/png,03d73a5c43fc914b99e3eb98a6202c032b9156e0dcc59fef9b8f81ef1930d0b0,artifacts/irib-import/2026-08-05T14-12-48-411Z-final/processed/IRIB-TALIH-NEGAZIROVANNAYA-5000-PET.webp,d5a4e8f53ba66c72028a1327ba5e5d75b2b0921b7c83d32d5ae4718e236c058f
IRIB-TALIH-NEGAZIROVANNAYA-600-PET,exact_low_res,https://irib.su/wp-content/uploads/2020/04/2-Talih-06-l.png,stage1_featured_or_assigned,no source upscale; catalog canvas only,95,349,image/png,e076d53cecd57f2d9c416dcf3570ce3dd68d17d1ad661d9f1ea147a71c953a31,artifacts/irib-import/2026-08-05T14-12-48-411Z-final/processed/IRIB-TALIH-NEGAZIROVANNAYA-600-PET.webp,bc0a7efb6ac13cf081eb10fa1b516e009ceccc347c0c9b4a02eeeae2a04d9c73
IRIB-TALIH-SPORT-GRANAT-600-PET,exact,https://irib.su/wp-content/uploads/2022/08/Talih-sport-granat-06.png,wp_attachment_volume_filename,no source upscale; catalog canvas only,280,926,image/png,93337f60ca7eac4cef005105d320cad9bffa28db9cf8de46cccd8e1226fc1ee2,artifacts/irib-import/2026-08-05T14-12-48-411Z-final/processed/IRIB-TALIH-SPORT-GRANAT-600-PET.webp,31e547e13bbf8bc9839c47f0488c81b9d6fd01b382c20f849f2bcec05ef217a1
IRIB-TALIH-SPORT-KLASSICHESKIY-600-PET,exact_low_res,https://irib.su/wp-content/uploads/2020/04/1-Talih-sport-06-l.png,stage1_featured_or_assigned,no source upscale; catalog canvas only,93,379,image/png,aebad13caa0601e46f15aaed5ffaca91bfb101e63e5e96c89edeeab85858a398,artifacts/irib-import/2026-08-05T14-12-48-411Z-final/processed/IRIB-TALIH-SPORT-KLASSICHESKIY-600-PET.webp,3a02b22846ea8e4c85ae1380ecd095e1412af97cd7287ba06deb9b0321da4ed2
IRIB-TALIH-SPORT-KLUBNIKA-600-PET,exact,https://irib.su/wp-content/uploads/2020/04/Talih-sport-klubnika-06-1.png,wp_attachment_volume_filename,no source upscale; catalog canvas only,215,854,image/png,ff4c869dcda6bdf7af039c18631db88a99a5e65a493e2468fa62ed19df57cd04,artifacts/irib-import/2026-08-05T14-12-48-411Z-final/processed/IRIB-TALIH-SPORT-KLUBNIKA-600-PET.webp,1e92950752a1debc3e59be8fc3cf5b2c6413a4dd239657810d256575d77f394c
IRIB-TALIH-SPORT-LIMON-600-PET,exact,https://irib.su/wp-content/uploads/2020/04/Talih-sport-limon-06.png,wp_attachment_volume_filename,no source upscale; catalog canvas only,210,852,image/png,f2255caa187685752883ba7e8293b23bc22a02bd681a1ac2120e1a06fbca41c6,artifacts/irib-import/2026-08-05T14-12-48-411Z-final/processed/IRIB-TALIH-SPORT-LIMON-600-PET.webp,5cedec3192b07e64037249d1d3e44e11001b96ac51cb7a036288f884c97e2cb4
IRIB-TARKI-TAU-TARKI-TAU-500-GLASS,exact_low_res,https://irib.su/wp-content/uploads/2022/10/image-33.png,stage1_featured_or_assigned,no source upscale; catalog canvas only,97,345,image/png,a4c34607f0ef961b10ed1e63eba574b1c4ddf643775ee9500cf7b2993faaa67c,artifacts/irib-import/2026-08-05T14-12-48-411Z-final/processed/IRIB-TARKI-TAU-TARKI-TAU-500-GLASS.webp,510fde2a440b786635f987593d9dbff4889d34e71219ece1aea4f9de7cec7af5
